municipality,difficulty,difficulty_rank,households,percent
160,10,1,1 984,15.6
160,7,2,1 572,12.4
160,4,3,1 536,12.1
160,8,4,1 318,10.4
160,2,5,976,7.7
160,1,6,869,6.8
160,3,7,769,6.1
160,5,8,727,5.7
160,13,9,685,5.4
160,6,10,640,5
160,20,11,603,4.7
160,14,12,247,1.9
160,9,13,234,1.8
160,12,14,224,1.8
160,19,15,147,1.2
160,15,16,73,0.6
160,17,17,47,0.4
160,16,18,31,0.2
160,18,19,26,0.2
161,2,1,2 356,18.2
161,7,2,2 078,16
161,4,3,1 788,13.8
161,13,4,1 255,9.7
161,10,5,1 148,8.9
161,3,6,817,6.3
161,8,7,479,3.7
161,12,8,459,3.5
161,20,9,429,3.3
161,1,10,408,3.2
161,14,11,396,3.1
161,5,12,360,2.8
161,19,13,351,2.7
161,6,14,258,2
161,16,15,120,0.9
161,18,16,100,0.8
161,17,17,76,0.6
161,11,18,44,0.3
161,9,19,24,0.2
161,15,20,2,0
162,2,1,2 492,26.9
162,20,2,1 784,19.3
162,4,3,1 713,18.5
162,1,4,611,6.6
162,7,5,608,6.6
162,13,6,331,3.6
162,6,7,330,3.6
162,3,8,238,2.6
162,5,9,225,2.4
162,19,10,217,2.3
162,8,11,152,1.6
162,14,12,103,1.1
162,10,13,100,1.1
162,12,14,82,0.9
162,17,15,80,0.9
162,16,16,60,0.7
162,9,17,59,0.6
162,11,18,40,0.4
162,18,19,17,0.2
162,15,20,15,0.2
163,10,1,5 095,16.6
163,4,2,4 770,15.5
163,7,3,3 987,13
163,2,4,3 313,10.8
163,3,5,2 147,7
163,13,6,2 032,6.6
163,5,7,1 810,5.9
163,1,8,1 736,5.7
163,12,9,1 559,5.1
163,20,10,835,2.7
163,8,11,800,2.6
163,19,12,416,1.4
163,17,13,349,1.1
163,18,14,315,1
163,14,15,307,1
163,9,16,303,1
163,6,17,282,0.9
163,16,18,243,0.8
163,15,19,230,0.8
163,11,20,154,0.5
164,7,1,5 101,19.6
164,4,2,4 957,19.1
164,1,3,2 547,9.8
164,13,4,2 324,8.9
164,8,5,1 874,7.2
164,12,6,1 823,7
164,10,7,1 776,6.8
164,2,8,1 017,3.9
164,14,9,930,3.6
164,20,10,803,3.1
164,15,11,409,1.6
164,9,12,384,1.5
164,5,13,364,1.4
164,3,14,363,1.4
164,6,15,336,1.3
164,11,16,230,0.9
164,18,17,213,0.8
164,19,18,200,0.8
164,17,19,181,0.7
164,16,20,163,0.6
165,7,1,2 545,14.6
165,2,2,2 379,13.7
165,4,3,2 222,12.8
165,1,4,2 107,12.1
165,10,5,1 409,8.1
165,3,6,1 192,6.9
165,20,7,953,5.5
165,6,8,855,4.9
165,19,9,744,4.3
165,12,10,583,3.4
165,5,11,554,3.2
165,8,12,449,2.6
165,13,13,302,1.7
165,15,14,296,1.7
165,17,15,217,1.3
165,9,16,172,1
165,16,17,144,0.8
165,14,18,137,0.8
165,11,19,88,0.5
165,18,20,24,0.1
166,4,1,17 847,31
166,12,2,8 638,15
166,13,3,5 259,9.1
166,10,4,3 578,6.2
166,7,5,3 490,6.1
166,3,6,3 257,5.7
166,15,7,2 925,5.1
166,2,8,2 481,4.3
166,20,9,1 880,3.3
166,8,10,1 815,3.2
166,1,11,1 348,2.3
166,19,12,1 333,2.3
166,14,13,1 054,1.8
166,5,14,807,1.4
166,9,15,582,1
166,6,16,313,0.5
166,11,17,310,0.5
166,16,18,200,0.3
166,17,19,195,0.3
166,18,20,171,0.3
167,4,1,9 938,21.6
167,7,2,9 657,21
167,12,3,4 146,9
167,3,4,3 711,8.1
167,13,5,3 438,7.5
167,2,6,3 426,7.5
167,10,7,2 383,5.2
167,5,8,2 003,4.4
167,1,9,1 831,4
167,18,10,925,2
167,20,11,765,1.7
167,8,12,696,1.5
167,6,13,609,1.3
167,19,14,601,1.3
167,14,15,558,1.2
167,15,16,471,1
167,9,17,326,0.7
167,11,18,225,0.5
167,17,19,166,0.4
167,16,20,97,0.2
168,7,1,6 961,18.8
168,12,2,5 303,14.3
168,4,3,3 887,10.5
168,2,4,3 616,9.8
168,8,5,3 311,8.9
168,10,6,2 925,7.9
168,5,7,1 637,4.4
168,20,8,1 520,4.1
168,15,9,1 496,4
168,13,10,1 423,3.8
168,1,11,1 195,3.2
168,14,12,881,2.4
168,3,13,873,2.4
168,19,14,640,1.7
168,6,15,411,1.1
168,17,16,356,1
168,16,17,299,0.8
168,11,18,164,0.4
168,9,19,139,0.4
168,18,20,36,0.1
169,4,1,3 671,20
169,7,2,3 086,16.8
169,10,3,2 384,13
169,2,4,2 189,11.9
169,20,5,1 649,9
169,8,6,1 208,6.6
169,13,7,896,4.9
169,14,8,814,4.4
169,12,9,466,2.5
169,3,10,385,2.1
169,17,11,365,2
169,1,12,303,1.6
169,5,13,269,1.5
169,19,14,267,1.5
169,11,15,121,0.7
169,15,16,107,0.6
169,16,17,65,0.4
169,6,18,52,0.3
169,18,19,35,0.2
169,9,20,34,0.2
170,2,1,2 651,31.4
170,4,2,1 792,21.2
170,10,3,800,9.5
170,7,4,757,9
170,8,5,698,8.3
170,1,6,455,5.4
170,13,7,254,3
170,12,8,250,3
170,14,9,221,2.6
170,20,10,127,1.5
170,19,11,106,1.3
170,6,12,97,1.1
170,18,13,69,0.8
170,16,14,51,0.6
170,3,15,38,0.4
170,9,16,38,0.4
170,5,17,20,0.2
170,17,18,19,0.2
171,7,1,8 128,31.3
171,13,2,2 745,10.6
171,4,3,2 591,10
171,8,4,1 955,7.5
171,10,5,1 849,7.1
171,2,6,1 296,5
171,12,7,1 294,5
171,5,8,976,3.8
171,1,9,947,3.7
171,20,10,803,3.1
171,3,11,715,2.8
171,16,12,479,1.8
171,9,13,413,1.6
171,14,14,373,1.4
171,17,15,284,1.1
171,11,16,267,1
171,19,17,250,1
171,18,18,250,1
171,6,19,245,0.9
171,15,20,70,0.3
172,4,1,4 898,17.6
172,7,2,4 519,16.2
172,2,3,3 070,11
172,10,4,2 654,9.5
172,5,5,2 055,7.4
172,12,6,1 964,7.1
172,20,7,1 897,6.8
172,13,8,1 478,5.3
172,3,9,1 354,4.9
172,1,10,1 301,4.7
172,8,11,588,2.1
172,6,12,502,1.8
172,9,13,326,1.2
172,14,14,302,1.1
172,19,15,236,0.8
172,17,16,199,0.7
172,16,17,156,0.6
172,11,18,144,0.5
172,15,19,103,0.4
172,18,20,97,0.3
173,4,1,1 882,23.4
173,2,2,1 275,15.8
173,7,3,766,9.5
173,12,4,706,8.8
173,20,5,628,7.8
173,19,6,615,7.6
173,8,7,577,7.2
173,13,8,272,3.4
173,10,9,267,3.3
173,1,10,192,2.4
173,9,11,167,2.1
173,3,12,157,1.9
173,5,13,120,1.5
173,18,14,95,1.2
173,11,15,91,1.1
173,6,16,82,1
173,15,17,54,0.7
173,14,18,53,0.7
173,16,19,31,0.4
173,17,20,17,0.2
174,1,1,1 449,29.6
174,2,2,961,19.6
174,4,3,935,19.1
174,7,4,356,7.3
174,10,5,353,7.2
174,8,6,235,4.8
174,3,7,213,4.3
174,20,8,108,2.2
174,5,9,69,1.4
174,19,10,67,1.4
174,12,11,43,0.9
174,13,12,43,0.9
174,9,13,36,0.7
174,6,14,26,0.5
175,4,1,4 742,40.4
175,8,2,1 355,11.6
175,7,3,877,7.5
175,10,4,769,6.6
175,13,5,735,6.3
175,20,6,697,5.9
175,2,7,657,5.6
175,6,8,420,3.6
175,5,9,273,2.3
175,3,10,254,2.2
175,12,11,216,1.8
175,1,12,181,1.5
175,17,13,134,1.1
175,16,14,123,1
175,19,15,109,0.9
175,9,16,75,0.6
175,11,17,52,0.4
175,15,18,30,0.3
175,14,19,25,0.2
176,4,1,9 770,42.2
176,2,2,3 676,15.9
176,7,3,2 137,9.2
176,13,4,1 626,7
176,10,5,1 588,6.9
176,1,6,795,3.4
176,3,7,795,3.4
176,5,8,658,2.8
176,12,9,580,2.5
176,20,10,261,1.1
176,8,11,247,1.1
176,16,12,213,0.9
176,19,13,195,0.8
176,6,14,167,0.7
176,14,15,125,0.5
176,11,16,73,0.3
176,15,17,67,0.3
176,18,18,65,0.3
176,17,19,53,0.2
176,9,20,47,0.2
177,10,1,8 017,16.6
177,4,2,7 944,16.4
177,7,3,7 873,16.3
177,12,4,4 686,9.7
177,2,5,3 350,6.9
177,8,6,2 272,4.7
177,13,7,2 259,4.7
177,15,8,1 924,4
177,19,9,1 882,3.9
177,5,10,1 712,3.5
177,20,11,1 450,3
177,3,12,1 124,2.3
177,1,13,1 106,2.3
177,14,14,731,1.5
177,9,15,540,1.1
177,18,16,476,1
177,17,17,443,0.9
177,6,18,281,0.6
177,11,19,175,0.4
177,16,20,105,0.2
178,4,1,3 163,15.4
178,7,2,3 046,14.8
178,2,3,2 843,13.9
178,8,4,2 722,13.3
178,19,5,2 696,13.1
178,10,6,1 439,7
178,20,7,866,4.2
178,3,8,672,3.3
178,1,9,614,3
178,5,10,455,2.2
178,6,11,348,1.7
178,9,12,343,1.7
178,14,13,242,1.2
178,16,14,224,1.1
178,13,15,207,1
178,15,16,189,0.9
178,12,17,141,0.7
178,18,18,126,0.6
178,17,19,94,0.5
178,11,20,87,0.4
179,4,1,2 575,17.6
179,10,2,2 111,14.4
179,3,3,1 423,9.7
179,7,4,1 422,9.7
179,12,5,1 038,7.1
179,9,6,932,6.4
179,2,7,769,5.3
179,5,8,762,5.2
179,8,9,754,5.1
179,20,10,726,5
179,13,11,677,4.6
179,1,12,489,3.3
179,19,13,275,1.9
179,17,14,160,1.1
179,6,15,151,1
179,15,16,99,0.7
179,14,17,95,0.7
179,18,18,77,0.5
179,11,19,73,0.5
179,16,20,40,0.3
180,7,1,4 352,20.2
180,8,2,3 731,17.4
180,10,3,2 656,12.4
180,4,4,1 266,5.9
180,1,5,1 196,5.6
180,12,6,1 182,5.5
180,3,7,1 112,5.2
180,13,8,1 087,5.1
180,2,9,889,4.1
180,20,10,733,3.4
180,5,11,732,3.4
180,19,12,474,2.2
180,6,13,474,2.2
180,16,14,440,2
180,14,15,366,1.7
180,9,16,281,1.3
180,17,17,196,0.9
180,15,18,147,0.7
180,18,19,128,0.6
180,11,20,62,0.3
181,13,1,633,34.4
181,10,2,443,24.1
181,4,3,119,6.5
181,20,4,110,6
181,15,5,108,5.9
181,7,6,98,5.3
181,5,7,71,3.9
181,14,8,38,2.1
181,2,9,36,1.9
181,8,10,35,1.9
181,3,11,33,1.8
181,11,12,31,1.7
181,1,13,26,1.4
181,19,14,22,1.2
181,6,15,22,1.2
181,17,16,9,0.5
181,12,17,6,0.4
182,2,1,231,21.8
182,10,2,176,16.6
182,5,3,129,12.2
182,20,4,111,10.4
182,1,5,100,9.5
182,4,6,74,7
182,8,7,51,4.8
182,3,8,41,3.8
182,19,9,37,3.5
182,6,10,37,3.5
182,9,11,32,3.1
182,14,12,27,2.5
182,7,13,13,1.2
183,4,1,2 587,22
183,2,2,1 386,11.8
183,1,3,1 019,8.7
183,20,4,970,8.3
183,19,5,920,7.8
183,10,6,910,7.7
183,5,7,879,7.5
183,8,8,672,5.7
183,12,9,640,5.4
183,7,10,425,3.6
183,3,11,384,3.3
183,15,12,297,2.5
183,14,13,160,1.4
183,6,14,150,1.3
183,13,15,127,1.1
183,9,16,107,0.9
183,17,17,49,0.4
183,11,18,30,0.3
183,16,19,29,0.2
183,18,20,12,0.1
199,12,1,235 649,20.6
199,4,2,210 121,18.4
199,10,3,106 673,9.3
199,7,4,102 538,9
199,13,5,85 422,7.5
199,2,6,73 872,6.5
199,15,7,65 508,5.7
199,5,8,59 890,5.2
199,1,9,37 751,3.3
199,3,10,35 779,3.1
199,19,11,28 038,2.5
199,20,12,21 455,1.9
199,14,13,18 816,1.6
199,9,14,12 629,1.1
199,8,15,12 347,1.1
199,6,16,10 992,1
199,16,17,6 658,0.6
199,18,18,6 644,0.6
199,11,19,5 412,0.5
199,17,20,5 082,0.4
260,4,1,43 601,18.4
260,7,2,37 937,16
260,10,3,26 542,11.2
260,8,4,23 522,9.9
260,3,5,18 407,7.8
260,12,6,16 381,6.9
260,1,7,14 474,6.1
260,6,8,13 707,5.8
260,2,9,12 690,5.3
260,5,10,7 524,3.2
260,19,11,6 216,2.6
260,13,12,5 124,2.2
260,20,13,2 410,1
260,9,14,2 231,0.9
260,17,15,1 937,0.8
260,11,16,1 720,0.7
260,14,17,1 495,0.6
260,15,18,633,0.3
260,16,19,507,0.2
260,18,20,338,0.1
261,10,1,3 194,24.7
261,2,2,2 645,20.4
261,7,3,1 634,12.6
261,12,4,1 086,8.4
261,13,5,922,7.1
261,4,6,872,6.7
261,1,7,518,4
261,19,8,513,4
261,5,9,466,3.6
261,6,10,316,2.4
261,20,11,204,1.6
261,8,12,157,1.2
261,3,13,155,1.2
261,14,14,119,0.9
261,18,15,58,0.4
261,15,16,56,0.4
261,9,17,20,0.2
261,11,18,18,0.1
262,10,1,1 933,23.3
262,7,2,1 178,14.2
262,5,3,927,11.2
262,2,4,833,10.1
262,8,5,752,9.1
262,4,6,567,6.9
262,12,7,400,4.8
262,1,8,375,4.5
262,3,9,319,3.9
262,19,10,200,2.4
262,9,11,187,2.3
262,6,12,187,2.3
262,13,13,181,2.2
262,14,14,119,1.4
262,20,15,58,0.7
262,17,16,47,0.6
262,18,17,16,0.2
263,1,1,1 109,38.8
263,4,2,311,10.9
263,3,3,289,10.1
263,7,4,259,9.1
263,5,5,233,8.1
263,19,6,160,5.6
263,8,7,94,3.3
263,9,8,76,2.7
263,14,9,55,1.9
263,10,10,54,1.9
263,13,11,39,1.4
263,17,12,33,1.2
263,12,13,32,1.1
263,16,14,29,1
263,20,15,28,1
263,2,16,17,0.6
263,6,17,16,0.6
263,18,18,11,0.4
263,15,19,10,0.3
264,1,1,4 363,20
264,8,2,3 440,15.7
264,10,3,3 129,14.3
264,7,4,3 073,14.1
264,5,5,1 196,5.5
264,4,6,1 118,5.1
264,12,7,1 087,5
264,2,8,900,4.1
264,19,9,602,2.8
264,20,10,556,2.5
264,6,11,500,2.3
264,9,12,496,2.3
264,14,13,432,2
264,3,14,397,1.8
264,13,15,231,1.1
264,16,16,190,0.9
264,17,17,63,0.3
264,15,18,49,0.2
264,11,19,35,0.2
264,18,20,9,0
265,7,1,4 131,21
265,10,2,3 749,19.1
265,8,3,3 444,17.5
265,1,4,2 361,12
265,5,5,1 340,6.8
265,4,6,1 284,6.5
265,3,7,782,4
265,12,8,607,3.1
265,19,9,435,2.2
265,13,10,330,1.7
265,2,11,247,1.3
265,20,12,236,1.2
265,9,13,215,1.1
265,6,14,188,1
265,14,15,119,0.6
265,11,16,88,0.4
265,17,17,50,0.3
265,16,18,47,0.2
266,1,1,4 598,28.4
266,7,2,3 865,23.9
266,8,3,2 379,14.7
266,5,4,1 306,8.1
266,9,5,1 075,6.6
266,3,6,929,5.7
266,12,7,716,4.4
266,10,8,317,2
266,4,9,295,1.8
266,6,10,214,1.3
266,2,11,167,1
266,20,12,94,0.6
266,19,13,81,0.5
266,13,14,69,0.4
266,14,15,55,0.3
266,18,16,22,0.1
267,4,1,2 085,47
267,10,2,902,20.3
267,7,3,405,9.1
267,3,4,303,6.8
267,5,5,216,4.9
267,8,6,198,4.5
267,14,7,87,2
267,2,8,69,1.5
267,11,9,38,0.8
267,9,10,36,0.8
267,19,11,35,0.8
267,12,12,28,0.6
267,20,13,16,0.4
267,13,14,8,0.2
267,6,15,8,0.2
267,18,16,7,0.2
268,8,1,7 638,22.5
268,7,2,5 478,16.1
268,3,3,3 416,10.1
268,10,4,2 630,7.7
268,4,5,2 543,7.5
268,1,6,2 510,7.4
268,13,7,2 016,5.9
268,12,8,1 949,5.7
268,5,9,1 283,3.8
268,19,10,1 053,3.1
268,9,11,924,2.7
268,2,12,807,2.4
268,15,13,425,1.3
268,6,14,370,1.1
268,17,15,354,1
268,14,16,218,0.6
268,20,17,136,0.4
268,16,18,130,0.4
268,11,19,55,0.2
269,1,1,4 373,40.5
269,13,2,1 291,12
269,7,3,998,9.3
269,4,4,815,7.6
269,10,5,493,4.6
269,8,6,456,4.2
269,20,7,446,4.1
269,12,8,409,3.8
269,5,9,336,3.1
269,14,10,323,3
269,3,11,293,2.7
269,9,12,252,2.3
269,2,13,138,1.3
269,19,14,53,0.5
269,11,15,43,0.4
269,6,16,30,0.3
269,15,17,13,0.1
269,17,18,10,0.1
269,16,19,7,0.1
269,18,20,7,0.1
270,1,1,17 743,31.4
270,8,2,9 568,17
270,3,3,8 158,14.5
270,7,4,5 344,9.5
270,10,5,4 656,8.3
270,5,6,2 637,4.7
270,12,7,1 802,3.2
270,2,8,1 710,3
270,4,9,991,1.8
270,19,10,857,1.5
270,20,11,714,1.3
270,17,12,550,1
270,11,13,494,0.9
270,14,14,333,0.6
270,13,15,275,0.5
270,6,16,197,0.3
270,9,17,196,0.3
270,18,18,190,0.3
270,16,19,13,0
270,15,20,2,0
271,1,1,13 203,20.6
271,8,2,11 902,18.5
271,7,3,8 597,13.4
271,10,4,6 381,9.9
271,5,5,5 614,8.7
271,3,6,5 583,8.7
271,2,7,3 645,5.7
271,12,8,3 295,5.1
271,17,9,1 194,1.9
271,13,10,1 140,1.8
271,4,11,1 063,1.7
271,9,12,606,0.9
271,6,13,405,0.6
271,19,14,368,0.6
271,11,15,348,0.5
271,14,16,327,0.5
271,18,17,213,0.3
271,20,18,192,0.3
271,16,19,109,0.2
271,15,20,56,0.1
272,7,1,3 025,29.2
272,8,2,1 830,17.7
272,10,3,1 438,13.9
272,1,4,1 185,11.4
272,3,5,891,8.6
272,5,6,424,4.1
272,2,7,259,2.5
272,4,8,257,2.5
272,17,9,215,2.1
272,12,10,146,1.4
272,14,11,135,1.3
272,6,12,114,1.1
272,9,13,97,0.9
272,13,14,92,0.9
272,19,15,81,0.8
272,20,16,77,0.7
272,16,17,50,0.5
272,18,18,33,0.3
272,11,19,15,0.1
273,7,1,6 542,22.1
273,10,2,5 867,19.9
273,8,3,4 913,16.6
273,1,4,3 387,11.5
273,5,5,2 169,7.3
273,2,6,1 462,4.9
273,12,7,1 106,3.7
273,3,8,918,3.1
273,4,9,641,2.2
273,13,10,544,1.8
273,9,11,456,1.5
273,17,12,378,1.3
273,19,13,280,0.9
273,18,14,231,0.8
273,11,15,196,0.7
273,6,16,149,0.5
273,20,17,86,0.3
273,14,18,84,0.3
273,16,19,79,0.3
273,15,20,65,0.2
274,10,1,5 315,29
274,8,2,3 660,20
274,1,3,2 585,14.1
274,7,4,1 149,6.3
274,5,5,1 101,6
274,3,6,717,3.9
274,4,7,609,3.3
274,12,8,578,3.2
274,9,9,573,3.1
274,2,10,486,2.7
274,13,11,392,2.1
274,20,12,270,1.5
274,17,13,202,1.1
274,18,14,172,0.9
274,19,15,149,0.8
274,14,16,146,0.8
274,6,17,80,0.4
274,11,18,74,0.4
274,16,19,26,0.1
274,15,20,20,0.1
276,10,1,9 460,27.7
276,1,2,6 084,17.8
276,8,3,5 984,17.5
276,7,4,2 882,8.4
276,5,5,2 236,6.5
276,12,6,1 454,4.3
276,4,7,1 155,3.4
276,2,8,958,2.8
276,3,9,735,2.2
276,13,10,692,2
276,19,11,657,1.9
276,14,12,441,1.3
276,9,13,272,0.8
276,6,14,237,0.7
276,18,15,235,0.7
276,20,16,185,0.5
276,17,17,173,0.5
276,11,18,142,0.4
276,16,19,112,0.3
276,15,20,87,0.3
277,10,1,1 830,29.5
277,7,2,1 240,20
277,9,3,525,8.5
277,12,4,507,8.2
277,8,5,407,6.6
277,19,6,246,4
277,6,7,232,3.7
277,1,8,203,3.3
277,13,9,190,3.1
277,5,10,170,2.7
277,3,11,165,2.7
277,11,12,141,2.3
277,14,13,92,1.5
277,17,14,84,1.4
277,2,15,77,1.2
277,4,16,43,0.7
277,15,17,29,0.5
277,20,18,24,0.4
278,1,1,4 201,25.9
278,10,2,2 637,16.3
278,4,3,1 985,12.2
278,5,4,1 313,8.1
278,8,5,1 120,6.9
278,2,6,951,5.9
278,9,7,792,4.9
278,3,8,645,4
278,7,9,599,3.7
278,20,10,462,2.8
278,13,11,435,2.7
278,12,12,278,1.7
278,19,13,227,1.4
278,14,14,141,0.9
278,6,15,136,0.8
278,17,16,94,0.6
278,15,17,65,0.4
278,11,18,48,0.3
278,16,19,42,0.3
278,18,20,41,0.2
279,1,1,3 229,37.4
279,10,2,1 773,20.5
279,8,3,916,10.6
279,5,4,517,6
279,3,5,515,6
279,7,6,513,5.9
279,9,7,320,3.7
279,12,8,146,1.7
279,4,9,136,1.6
279,19,10,103,1.2
279,20,11,99,1.2
279,14,12,93,1.1
279,18,13,62,0.7
279,6,14,61,0.7
279,11,15,47,0.5
279,2,16,47,0.5
279,15,17,23,0.3
279,17,18,22,0.3
279,13,19,8,0.1
280,1,1,1 932,32.3
280,10,2,1 105,18.5
280,3,3,671,11.2
280,7,4,601,10.1
280,8,5,543,9.1
280,2,6,290,4.8
280,9,7,231,3.9
280,5,8,132,2.2
280,20,9,124,2.1
280,19,10,86,1.4
280,4,11,74,1.2
280,14,12,48,0.8
280,13,13,45,0.8
280,12,14,27,0.4
280,6,15,24,0.4
280,15,16,16,0.3
280,17,17,15,0.2
280,16,18,9,0.2
280,11,19,6,0.1
281,1,1,12 182,25.9
281,10,2,6 478,13.8
281,8,3,4 990,10.6
281,7,4,4 800,10.2
281,4,5,4 495,9.6
281,2,6,3 434,7.3
281,3,7,2 578,5.5
281,12,8,2 105,4.5
281,5,9,1 409,3
281,9,10,920,2
281,19,11,877,1.9
281,13,12,808,1.7
281,6,13,472,1
281,20,14,466,1
281,14,15,297,0.6
281,11,16,257,0.5
281,17,17,226,0.5
281,15,18,133,0.3
281,18,19,93,0.2
281,16,20,33,0.1
282,8,1,7 314,22
282,1,2,6 199,18.6
282,10,3,5 131,15.4
282,5,4,4 114,12.4
282,7,5,1 967,5.9
282,3,6,1 835,5.5
282,4,7,1 132,3.4
282,12,8,1 128,3.4
282,17,9,942,2.8
282,13,10,795,2.4
282,14,11,766,2.3
282,19,12,590,1.8
282,2,13,464,1.4
282,11,14,178,0.5
282,18,15,166,0.5
282,9,16,138,0.4
282,20,17,124,0.4
282,6,18,113,0.3
282,16,19,110,0.3
282,15,20,55,0.2
283,1,1,9 542,36
283,8,2,5 587,21.1
283,5,3,2 912,11
283,10,4,2 128,8
283,7,5,1 771,6.7
283,2,6,1 202,4.5
283,3,7,821,3.1
283,4,8,742,2.8
283,12,9,402,1.5
283,17,10,284,1.1
283,13,11,209,0.8
283,14,12,197,0.7
283,9,13,168,0.6
283,6,14,136,0.5
283,19,15,98,0.4
283,18,16,91,0.3
283,20,17,90,0.3
283,11,18,72,0.3
283,15,19,33,0.1
283,16,20,18,0.1
284,1,1,11 652,35.6
284,8,2,5 602,17.1
284,10,3,4 193,12.8
284,5,4,2 682,8.2
284,2,5,2 666,8.1
284,3,6,1 976,6
284,7,7,1 604,4.9
284,17,8,734,2.2
284,4,9,627,1.9
284,18,10,221,0.7
284,12,11,186,0.6
284,11,12,149,0.5
284,20,13,136,0.4
284,6,14,70,0.2
284,14,15,67,0.2
284,9,16,67,0.2
284,19,17,63,0.2
284,13,18,49,0.2
284,16,19,1,0
285,8,1,4 370,29
285,10,2,2 459,16.3
285,1,3,1 874,12.4
285,5,4,1 450,9.6
285,2,5,1 319,8.7
285,7,6,1 231,8.2
285,12,7,478,3.2
285,4,8,238,1.6
285,3,9,212,1.4
285,19,10,211,1.4
285,17,11,201,1.3
285,6,12,188,1.2
285,9,13,170,1.1
285,13,14,161,1.1
285,18,15,153,1
285,14,16,126,0.8
285,11,17,82,0.5
285,20,18,75,0.5
285,15,19,63,0.4
285,16,20,32,0.2
286,1,1,11 594,33.2
286,3,2,6 202,17.7
286,8,3,5 592,16
286,7,4,3 252,9.3
286,5,5,2 300,6.6
286,10,6,1 326,3.8
286,2,7,842,2.4
286,4,8,599,1.7
286,20,9,570,1.6
286,18,10,566,1.6
286,17,11,410,1.2
286,12,12,344,1
286,15,13,311,0.9
286,14,14,267,0.8
286,6,15,198,0.6
286,16,16,129,0.4
286,19,17,129,0.4
286,13,18,112,0.3
286,11,19,105,0.3
286,9,20,97,0.3
287,1,1,16 364,47.5
287,10,2,4 490,13
287,8,3,3 405,9.9
287,2,4,2 114,6.1
287,7,5,1 482,4.3
287,3,6,1 342,3.9
287,5,7,1 082,3.1
287,12,8,1 041,3
287,4,9,996,2.9
287,20,10,610,1.8
287,11,11,255,0.7
287,6,12,248,0.7
287,19,13,242,0.7
287,9,14,226,0.7
287,17,15,183,0.5
287,16,16,118,0.3
287,18,17,97,0.3
287,13,18,76,0.2
287,14,19,68,0.2
287,15,20,41,0.1
288,3,1,1 376,12
288,4,2,1 327,11.6
288,5,3,1 299,11.4
288,10,4,1 035,9.1
288,8,5,1 025,9
288,19,6,820,7.2
288,7,7,785,6.9
288,1,8,725,6.3
288,14,9,662,5.8
288,2,10,653,5.7
288,9,11,553,4.8
288,6,12,468,4.1
288,20,13,329,2.9
288,12,14,170,1.5
288,13,15,66,0.6
288,16,16,46,0.4
288,17,17,41,0.4
288,15,18,23,0.2
288,18,19,23,0.2
289,1,1,2 459,27.5
289,10,2,1 230,13.7
289,4,3,1 009,11.3
289,9,4,801,8.9
289,12,5,760,8.5
289,7,6,493,5.5
289,2,7,419,4.7
289,8,8,414,4.6
289,3,9,332,3.7
289,5,10,282,3.1
289,6,11,176,2
289,19,12,174,1.9
289,20,13,143,1.6
289,18,14,80,0.9
289,14,15,62,0.7
289,16,16,51,0.6
289,13,17,42,0.5
289,11,18,25,0.3
290,1,1,31 312,51.5
290,7,2,13 166,21.6
290,8,3,4 490,7.4
290,10,4,3 594,5.9
290,2,5,3 058,5
290,3,6,2 352,3.9
290,5,7,828,1.4
290,4,8,452,0.7
290,12,9,384,0.6
290,18,10,233,0.4
290,19,11,195,0.3
290,17,12,176,0.3
290,11,13,138,0.2
290,6,14,135,0.2
290,9,15,121,0.2
290,15,16,72,0.1
290,14,17,63,0.1
290,20,18,40,0.1
290,16,19,30,0
290,13,20,14,0
291,1,1,16 998,50.1
291,7,2,4 649,13.7
291,8,3,2 725,8
291,3,4,2 430,7.2
291,10,5,2 178,6.4
291,5,6,1 678,4.9
291,2,7,1 298,3.8
291,4,8,832,2.5
291,12,9,301,0.9
291,13,10,192,0.6
291,11,11,130,0.4
291,17,12,119,0.4
291,14,13,119,0.3
291,18,14,66,0.2
291,15,15,49,0.1
291,9,16,41,0.1
291,19,17,30,0.1
291,6,18,26,0.1
291,20,19,26,0.1
291,16,20,21,0.1
292,1,1,29 024,47.2
292,7,2,8 924,14.5
292,10,3,6 443,10.5
292,8,4,4 487,7.3
292,3,5,3 993,6.5
292,2,6,3 061,5
292,4,7,1 050,1.7
292,5,8,878,1.4
292,20,9,739,1.2
292,12,10,643,1
292,13,11,606,1
292,17,12,314,0.5
292,14,13,278,0.5
292,18,14,265,0.4
292,19,15,265,0.4
292,11,16,145,0.2
292,16,17,111,0.2
292,6,18,111,0.2
292,9,19,109,0.2
292,15,20,39,0.1
293,1,1,19 282,47.6
293,8,2,6 094,15
293,10,3,3 701,9.1
293,7,4,3 688,9.1
293,3,5,2 468,6.1
293,2,6,1 424,3.5
293,5,7,1 015,2.5
293,12,8,814,2
293,13,9,578,1.4
293,4,10,325,0.8
293,14,11,224,0.6
293,11,12,192,0.5
293,17,13,147,0.4
293,18,14,138,0.3
293,20,15,133,0.3
293,6,16,105,0.3
293,9,17,62,0.2
293,19,18,54,0.1
293,15,19,40,0.1
293,16,20,14,0
294,1,1,35 415,30.8
294,7,2,17 865,15.5
294,3,3,15 959,13.9
294,10,4,11 338,9.8
294,8,5,10 529,9.1
294,4,6,5 539,4.8
294,2,7,4 404,3.8
294,12,8,3 710,3.2
294,5,9,2 702,2.3
294,19,10,1 493,1.3
294,9,11,1 292,1.1
294,17,12,1 123,1
294,13,13,937,0.8
294,6,14,803,0.7
294,20,15,594,0.5
294,11,16,401,0.3
294,18,17,369,0.3
294,14,18,347,0.3
294,15,19,179,0.2
294,16,20,130,0.1
295,1,1,24 520,44.1
295,3,2,9 888,17.8
295,8,3,5 151,9.3
295,7,4,3 454,6.2
295,10,5,2 778,5
295,2,6,2 318,4.2
295,5,7,1 638,2.9
295,4,8,1 606,2.9
295,12,9,1 541,2.8
295,17,10,622,1.1
295,9,11,470,0.8
295,20,12,368,0.7
295,11,13,232,0.4
295,6,14,222,0.4
295,16,15,207,0.4
295,14,16,206,0.4
295,19,17,178,0.3
295,18,18,126,0.2
295,13,19,66,0.1
295,15,20,47,0.1
296,1,1,17 286,33.8
296,3,2,11 265,22
296,7,3,7 394,14.4
296,10,4,5 896,11.5
296,8,5,4 114,8
296,5,6,2 057,4
296,4,7,780,1.5
296,12,8,761,1.5
296,2,9,367,0.7
296,17,10,231,0.5
296,14,11,230,0.4
296,18,12,192,0.4
296,13,13,139,0.3
296,6,14,124,0.2
296,9,15,124,0.2
296,16,16,88,0.2
296,11,17,72,0.1
296,19,18,56,0.1
296,20,19,25,0
297,1,1,27 054,44.7
297,7,2,12 341,20.4
297,3,3,8 757,14.5
297,8,4,3 957,6.5
297,10,5,3 798,6.3
297,5,6,1 105,1.8
297,2,7,1 062,1.8
297,4,8,543,0.9
297,11,9,372,0.6
297,12,10,362,0.6
297,6,11,315,0.5
297,17,12,289,0.5
297,20,13,135,0.2
297,15,14,132,0.2
297,18,15,98,0.2
297,9,16,79,0.1
297,14,17,59,0.1
297,13,18,59,0.1
297,19,19,55,0.1
297,16,20,19,0
298,1,1,9 400,35.9
298,3,2,6 729,25.7
298,7,3,3 853,14.7
298,8,4,2 056,7.9
298,10,5,2 016,7.7
298,2,6,483,1.8
298,4,7,460,1.8
298,5,8,319,1.2
298,14,9,126,0.5
298,20,10,118,0.5
298,18,11,116,0.4
298,17,12,115,0.4
298,16,13,102,0.4
298,6,14,83,0.3
298,11,15,48,0.2
298,13,16,45,0.2
298,19,17,39,0.1
298,9,18,23,0.1
298,12,19,21,0.1
299,4,1,66 722,19.4
299,10,2,47 847,13.9
299,7,3,43 699,12.7
299,2,4,39 174,11.4
299,12,5,30 033,8.7
299,1,6,17 983,5.2
299,19,7,16 843,4.9
299,8,8,14 670,4.3
299,5,9,13 845,4
299,15,10,9 886,2.9
299,3,11,9 826,2.9
299,20,12,8 504,2.5
299,13,13,5 899,1.7
299,6,14,5 653,1.6
299,9,15,4 509,1.3
299,17,16,2 899,0.8
299,11,17,2 713,0.8
299,14,18,2 109,0.6
299,16,19,883,0.3
299,18,20,444,0.1
360,1,1,6 763,29.5
360,8,2,5 450,23.8
360,10,3,2 460,10.7
360,7,4,2 204,9.6
360,3,5,1 668,7.3
360,2,6,800,3.5
360,9,7,613,2.7
360,20,8,577,2.5
360,17,9,459,2
360,5,10,448,2
360,4,11,390,1.7
360,14,12,319,1.4
360,11,13,277,1.2
360,12,14,139,0.6
360,19,15,101,0.4
360,18,16,88,0.4
360,16,17,84,0.4
360,15,18,42,0.2
360,6,19,40,0.2
360,13,20,12,0.1
361,1,1,11 800,37.4
361,10,2,4 442,14.1
361,8,3,3 187,10.1
361,3,4,2 992,9.5
361,7,5,1 660,5.3
361,5,6,1 352,4.3
361,9,7,1 134,3.6
361,4,8,1 031,3.3
361,2,9,636,2
361,20,10,593,1.9
361,19,11,505,1.6
361,17,12,489,1.5
361,12,13,480,1.5
361,11,14,468,1.5
361,6,15,367,1.2
361,18,16,159,0.5
361,16,17,97,0.3
361,14,18,58,0.2
361,15,19,52,0.2
361,13,20,45,0.1
362,2,1,2 414,20.2
362,1,2,1 950,16.3
362,8,3,1 591,13.3
362,10,4,1 177,9.9
362,4,5,908,7.6
362,7,6,685,5.7
362,12,7,662,5.5
362,3,8,661,5.5
362,5,9,646,5.4
362,13,10,347,2.9
362,14,11,192,1.6
362,9,12,190,1.6
362,19,13,150,1.3
362,17,14,126,1.1
362,20,15,123,1
362,6,16,89,0.7
362,18,17,16,0.1
362,15,18,7,0.1
363,10,1,898,23.6
363,13,2,836,21.9
363,14,3,385,10.1
363,1,4,362,9.5
363,20,5,331,8.7
363,9,6,162,4.3
363,4,7,150,3.9
363,6,8,128,3.4
363,8,9,127,3.3
363,5,10,117,3.1
363,7,11,106,2.8
363,2,12,60,1.6
363,19,13,55,1.4
363,17,14,54,1.4
363,12,15,25,0.7
363,3,16,17,0.4
364,4,1,2 719,23.6
364,2,2,1 846,16
364,1,3,1 564,13.6
364,9,4,1 130,9.8
364,20,5,932,8.1
364,8,6,748,6.5
364,10,7,435,3.8
364,7,8,414,3.6
364,5,9,394,3.4
364,3,10,308,2.7
364,12,11,266,2.3
364,13,12,238,2.1
364,19,13,229,2
364,17,14,96,0.8
364,6,15,88,0.8
364,14,16,40,0.3
364,11,17,37,0.3
364,18,18,26,0.2
364,16,19,18,0.2
365,1,1,1 064,40.7
365,8,2,391,15
365,7,3,216,8.3
365,5,4,160,6.1
365,4,5,151,5.8
365,10,6,126,4.8
365,2,7,123,4.7
365,6,8,85,3.3
365,20,9,81,3.1
365,3,10,54,2.1
365,9,11,51,1.9
365,14,12,45,1.7
365,19,13,30,1.1
365,11,14,20,0.8
365,17,15,20,0.8
366,1,1,1 841,49.4
366,8,2,321,8.6
366,20,3,307,8.2
366,7,4,273,7.3
366,2,5,212,5.7
366,19,6,175,4.7
366,4,7,173,4.6
366,10,8,127,3.4
366,3,9,96,2.6
366,13,10,67,1.8
366,5,11,63,1.7
366,6,12,34,0.9
366,16,13,22,0.6
366,14,14,13,0.4
366,11,15,4,0.1
367,20,1,757,29.5
367,4,2,367,14.3
367,8,3,337,13.1
367,7,4,250,9.7
367,2,5,194,7.6
367,13,6,141,5.5
367,1,7,99,3.8
367,5,8,97,3.8
367,10,9,90,3.5
367,3,10,63,2.4
367,14,11,60,2.3
367,6,12,42,1.6
367,17,13,40,1.5
367,19,14,21,0.8
367,16,15,11,0.4
368,1,1,793,35.6
368,6,2,401,18
368,3,3,324,14.5
368,20,4,211,9.4
368,8,5,124,5.6
368,5,6,108,4.8
368,4,7,95,4.3
368,7,8,90,4
368,14,9,57,2.5
368,2,10,28,1.3
369,19,1,914,19.6
369,1,2,895,19.2
369,10,3,547,11.8
369,4,4,392,8.4
369,5,5,354,7.6
369,7,6,319,6.9
369,2,7,289,6.2
369,3,8,237,5.1
369,8,9,169,3.6
369,20,10,155,3.3
369,14,11,99,2.1
369,16,12,80,1.7
369,17,13,76,1.6
369,6,14,67,1.4
369,12,15,41,0.9
369,13,16,15,0.3
369,9,17,3,0.1
369,18,18,1,0
370,10,1,1 796,25.5
370,1,2,1 645,23.4
370,7,3,1 201,17.1
370,5,4,958,13.6
370,8,5,371,5.3
370,2,6,265,3.8
370,6,7,186,2.6
370,3,8,145,2.1
370,16,9,142,2
370,4,10,113,1.6
370,19,11,70,1
370,9,12,58,0.8
370,20,13,50,0.7
370,12,14,27,0.4
370,14,15,11,0.2
371,10,1,1 419,18.6
371,5,2,1 042,13.7
371,7,3,886,11.6
371,3,4,809,10.6
371,4,5,714,9.4
371,6,6,703,9.2
371,1,7,517,6.8
371,2,8,329,4.3
371,20,9,319,4.2
371,8,10,208,2.7
371,19,11,205,2.7
371,13,12,112,1.5
371,17,13,96,1.3
371,14,14,86,1.1
371,11,15,54,0.7
371,12,16,54,0.7
371,16,17,34,0.4
371,9,18,22,0.3
371,18,19,9,0.1
372,2,1,429,25.8
372,3,2,216,13
372,1,3,172,10.4
372,10,4,168,10.1
372,4,5,166,10
372,12,6,130,7.8
372,14,7,115,6.9
372,19,8,100,6
372,8,9,64,3.9
372,13,10,25,1.5
372,16,11,23,1.4
372,7,12,22,1.3
372,20,13,16,1
372,11,14,12,0.8
373,4,1,632,20.5
373,10,2,343,11.1
373,7,3,326,10.5
373,9,4,266,8.6
373,12,5,232,7.5
373,3,6,214,6.9
373,19,7,190,6.2
373,6,8,173,5.6
373,8,9,154,5
373,20,10,132,4.3
373,14,11,114,3.7
373,5,12,84,2.7
373,1,13,83,2.7
373,2,14,67,2.2
373,16,15,37,1.2
373,18,16,20,0.7
373,11,17,12,0.4
373,13,18,9,0.3
374,8,1,628,17.9
374,10,2,392,11.1
374,20,3,376,10.7
374,5,4,324,9.2
374,7,5,303,8.6
374,19,6,292,8.3
374,6,7,268,7.6
374,1,8,266,7.6
374,3,9,215,6.1
374,2,10,152,4.3
374,4,11,125,3.6
374,14,12,68,1.9
374,9,13,42,1.2
374,13,14,41,1.2
374,17,15,25,0.7
375,10,1,1 541,32.8
375,20,2,706,15
375,2,3,564,12
375,7,4,451,9.6
375,8,5,334,7.1
375,4,6,332,7.1
375,19,7,232,4.9
375,14,8,120,2.5
375,6,9,88,1.9
375,5,10,56,1.2
375,13,11,53,1.1
375,1,12,46,1
375,18,13,44,0.9
375,12,14,41,0.9
375,11,15,31,0.7
375,3,16,23,0.5
375,16,17,19,0.4
375,9,18,10,0.2
375,17,19,10,0.2
376,8,1,1 901,20.4
376,7,2,1 816,19.5
376,10,3,1 312,14.1
376,5,4,671,7.2
376,1,5,619,6.7
376,9,6,494,5.3
376,3,7,468,5
376,2,8,428,4.6
376,19,9,365,3.9
376,20,10,317,3.4
376,4,11,199,2.1
376,6,12,179,1.9
376,18,13,162,1.7
376,14,14,116,1.2
376,17,15,69,0.7
376,12,16,62,0.7
376,13,17,61,0.7
376,16,18,45,0.5
376,11,19,16,0.2
377,10,1,342,18.4
377,5,2,282,15.2
377,1,3,218,11.7
377,9,4,210,11.3
377,7,5,161,8.7
377,8,6,140,7.6
377,20,7,114,6.2
377,14,8,94,5.1
377,3,9,77,4.2
377,2,10,62,3.4
377,11,11,39,2.1
377,16,12,30,1.6
377,17,13,25,1.3
377,6,14,22,1.2
377,12,15,20,1.1
377,19,16,18,1
378,5,1,3 732,21.6
378,1,2,3 071,17.7
378,3,3,1 810,10.5
378,8,4,1 716,9.9
378,7,5,1 472,8.5
378,4,6,1 006,5.8
378,2,7,880,5.1
378,6,8,637,3.7
378,10,9,632,3.7
378,20,10,544,3.1
378,14,11,369,2.1
378,9,12,369,2.1
378,19,13,355,2.1
378,17,14,204,1.2
378,13,15,154,0.9
378,11,16,134,0.8
378,12,17,126,0.7
378,18,18,57,0.3
378,16,19,25,0.1
378,15,20,17,0.1
379,4,1,4 216,24.8
379,20,2,2 343,13.8
379,1,3,1 595,9.4
379,5,4,1 434,8.4
379,2,5,1 251,7.3
379,13,6,1 189,7
379,10,7,1 009,5.9
379,3,8,898,5.3
379,7,9,844,5
379,8,10,615,3.6
379,12,11,406,2.4
379,6,12,203,1.2
379,9,13,193,1.1
379,19,14,189,1.1
379,14,15,163,1
379,18,16,127,0.7
379,17,17,120,0.7
379,15,18,109,0.6
379,16,19,85,0.5
379,11,20,39,0.2
380,1,1,905,25.8
380,7,2,488,13.9
380,5,3,427,12.2
380,13,4,305,8.7
380,3,5,287,8.2
380,4,6,228,6.5
380,6,7,188,5.3
380,10,8,185,5.3
380,2,9,145,4.1
380,20,10,139,3.9
380,17,11,84,2.4
380,8,12,58,1.7
380,14,13,24,0.7
380,11,14,19,0.5
380,18,15,18,0.5
380,19,16,7,0.2
380,12,17,4,0.1
381,10,1,1 319,14.8
381,8,2,1 077,12.1
381,1,3,863,9.6
381,12,4,791,8.8
381,2,5,763,8.5
381,5,6,676,7.6
381,3,7,652,7.3
381,19,8,635,7.1
381,7,9,403,4.5
381,20,10,379,4.2
381,6,11,304,3.4
381,4,12,277,3.1
381,9,13,229,2.6
381,15,14,195,2.2
381,13,15,154,1.7
381,14,16,115,1.3
381,11,17,50,0.6
381,17,18,40,0.4
381,18,19,16,0.2
382,4,1,1 229,28.6
382,2,2,480,11.1
382,19,3,412,9.6
382,10,4,395,9.2
382,20,5,362,8.4
382,7,6,344,8
382,3,7,223,5.2
382,8,8,157,3.7
382,14,9,145,3.4
382,5,10,139,3.2
382,13,11,118,2.7
382,1,12,81,1.9
382,17,13,59,1.4
382,9,14,56,1.3
382,6,15,50,1.2
382,16,16,40,0.9
382,12,17,15,0.3
383,4,1,19 566,30.7
383,10,2,6 171,9.7
383,2,3,5 531,8.7
383,1,4,5 458,8.6
383,3,5,5 024,7.9
383,5,6,4 184,6.6
383,8,7,4 007,6.3
383,7,8,3 046,4.8
383,13,9,1 907,3
383,12,10,1 860,2.9
383,6,11,1 682,2.6
383,19,12,1 251,2
383,9,13,730,1.1
383,14,14,627,1
383,15,15,626,1
383,17,16,618,1
383,20,17,579,0.9
383,16,18,490,0.8
383,11,19,347,0.5
383,18,20,56,0.1
384,6,1,1 958,15.2
384,7,2,1 698,13.2
384,1,3,1 559,12.1
384,10,4,1 527,11.9
384,3,5,1 310,10.2
384,8,6,1 278,10
384,5,7,952,7.4
384,9,8,710,5.5
384,19,9,484,3.8
384,20,10,411,3.2
384,4,11,341,2.7
384,2,12,200,1.6
384,11,13,120,0.9
384,12,14,68,0.5
384,16,15,67,0.5
384,14,16,60,0.5
384,15,17,40,0.3
384,13,18,24,0.2
384,17,19,19,0.1
384,18,20,15,0.1
385,1,1,2 651,38.7
385,10,2,2 026,29.6
385,9,3,386,5.6
385,7,4,302,4.4
385,5,5,283,4.1
385,8,6,226,3.3
385,3,7,164,2.4
385,20,8,125,1.8
385,2,9,114,1.7
385,19,10,97,1.4
385,6,11,93,1.4
385,12,12,87,1.3
385,11,13,60,0.9
385,13,14,54,0.8
385,18,15,47,0.7
385,4,16,44,0.6
385,15,17,41,0.6
385,14,18,19,0.3
385,17,19,19,0.3
385,16,20,12,0.2
386,10,1,4 071,21.2
386,8,2,3 326,17.3
386,1,3,3 307,17.2
386,7,4,1 618,8.4
386,5,5,1 439,7.5
386,3,6,1 042,5.4
386,2,7,707,3.7
386,6,8,679,3.5
386,12,9,634,3.3
386,9,10,544,2.8
386,4,11,465,2.4
386,13,12,405,2.1
386,19,13,248,1.3
386,20,14,184,1
386,18,15,166,0.9
386,17,16,158,0.8
386,14,17,93,0.5
386,11,18,66,0.3
386,16,19,54,0.3
386,15,20,29,0.2
460,1,1,6 513,52.3
460,4,2,1 359,10.9
460,8,3,1 144,9.2
460,5,4,901,7.2
460,7,5,584,4.7
460,20,6,418,3.4
460,3,7,343,2.8
460,10,8,332,2.7
460,2,9,274,2.2
460,9,10,193,1.5
460,12,11,133,1.1
460,6,12,68,0.5
460,13,13,68,0.5
460,14,14,64,0.5
460,18,15,27,0.2
460,17,16,19,0.2
460,15,17,8,0.1
460,16,18,7,0.1
460,19,19,6,0.1
461,1,1,2 274,19
461,10,2,1 304,10.9
461,7,3,1 287,10.8
461,8,4,1 236,10.3
461,4,5,1 016,8.5
461,5,6,996,8.3
461,6,7,949,7.9
461,20,8,642,5.4
461,2,9,540,4.5
461,3,10,513,4.3
461,19,11,450,3.8
461,14,12,260,2.2
461,12,13,183,1.5
461,18,14,101,0.8
461,9,15,85,0.7
461,17,16,54,0.5
461,16,17,34,0.3
461,11,18,19,0.2
461,13,19,17,0.1
461,15,20,8,0.1
462,1,1,5 479,48.2
462,2,2,1 517,13.3
462,7,3,998,8.8
462,5,4,751,6.6
462,10,5,738,6.5
462,8,6,549,4.8
462,3,7,378,3.3
462,4,8,218,1.9
462,6,9,178,1.6
462,20,10,164,1.4
462,19,11,128,1.1
462,18,12,107,0.9
462,14,13,56,0.5
462,11,14,35,0.3
462,17,15,29,0.3
462,12,16,27,0.2
462,13,17,11,0.1
462,16,18,10,0.1
463,1,1,3 457,45
463,5,2,1 048,13.6
463,10,3,738,9.6
463,6,4,723,9.4
463,3,5,421,5.5
463,7,6,365,4.8
463,8,7,299,3.9
463,4,8,226,2.9
463,2,9,108,1.4
463,17,10,105,1.4
463,20,11,34,0.4
463,12,12,32,0.4
463,14,13,22,0.3
463,15,14,22,0.3
463,16,15,18,0.2
463,13,16,18,0.2
463,11,17,17,0.2
463,18,18,15,0.2
463,19,19,14,0.2
464,1,1,12 413,62
464,8,2,1 777,8.9
464,7,3,1 488,7.4
464,5,4,1 107,5.5
464,10,5,905,4.5
464,4,6,459,2.3
464,6,7,408,2
464,20,8,292,1.5
464,3,9,240,1.2
464,12,10,219,1.1
464,9,11,164,0.8
464,17,12,163,0.8
464,2,13,157,0.8
464,19,14,117,0.6
464,16,15,65,0.3
464,15,16,23,0.1
464,18,17,11,0.1
464,11,18,11,0.1
465,8,1,1 996,22.8
465,5,2,1 617,18.5
465,6,3,1 192,13.6
465,7,4,1 093,12.5
465,10,5,734,8.4
465,1,6,716,8.2
465,3,7,189,2.2
465,19,8,181,2.1
465,4,9,173,2
465,9,10,155,1.8
465,12,11,115,1.3
465,20,12,104,1.2
465,17,13,103,1.2
465,11,14,90,1
465,15,15,77,0.9
465,14,16,74,0.8
465,16,17,47,0.5
465,18,18,41,0.5
465,2,19,35,0.4
465,13,20,20,0.2
466,10,1,3 129,30.5
466,8,2,1 908,18.6
466,7,3,1 864,18.2
466,5,4,990,9.6
466,1,5,565,5.5
466,19,6,291,2.8
466,20,7,281,2.7
466,4,8,262,2.5
466,2,9,203,2
466,3,10,178,1.7
466,12,11,132,1.3
466,17,12,108,1
466,11,13,79,0.8
466,16,14,54,0.5
466,9,15,51,0.5
466,6,16,45,0.4
466,15,17,43,0.4
466,18,18,40,0.4
466,14,19,32,0.3
466,13,20,13,0.1
467,10,1,18 862,13.6
467,8,2,16 589,11.9
467,6,3,16 509,11.9
467,5,4,16 154,11.6
467,7,5,13 961,10
467,4,6,10 042,7.2
467,1,7,9 714,7
467,12,8,7 443,5.4
467,2,9,6 948,5
467,9,10,5 835,4.2
467,15,11,5 263,3.8
467,3,12,4 114,3
467,19,13,3 332,2.4
467,17,14,791,0.6
467,20,15,790,0.6
467,14,16,718,0.5
467,11,17,692,0.5
467,16,18,543,0.4
467,13,19,514,0.4
467,18,20,138,0.1
468,10,1,5 367,27.1
468,7,2,3 712,18.7
468,8,3,2 968,15
468,5,4,1 112,5.6
468,3,5,1 052,5.3
468,6,6,995,5
468,4,7,966,4.9
468,20,8,628,3.2
468,19,9,614,3.1
468,1,10,469,2.4
468,12,11,460,2.3
468,17,12,347,1.8
468,2,13,323,1.6
468,9,14,315,1.6
468,15,15,155,0.8
468,14,16,96,0.5
468,16,17,80,0.4
468,11,18,70,0.4
468,13,19,67,0.3
468,18,20,25,0.1
469,1,1,11 568,32.9
469,7,2,4 836,13.8
469,10,3,4 044,11.5
469,8,4,3 589,10.2
469,5,5,3 560,10.1
469,6,6,2 059,5.9
469,3,7,1 093,3.1
469,4,8,963,2.7
469,19,9,792,2.3
469,2,10,754,2.1
469,20,11,598,1.7
469,12,12,446,1.3
469,9,13,240,0.7
469,17,14,238,0.7
469,11,15,154,0.4
469,16,16,76,0.2
469,14,17,67,0.2
469,13,18,47,0.1
469,15,19,18,0.1
469,18,20,16,0
470,10,1,13 705,33.5
470,7,2,9 747,23.8
470,1,3,4 137,10.1
470,8,4,3 167,7.7
470,4,5,1 881,4.6
470,5,6,1 300,3.2
470,19,7,1 234,3
470,3,8,1 210,3
470,6,9,945,2.3
470,2,10,820,2
470,12,11,616,1.5
470,20,12,513,1.3
470,11,13,398,1
470,17,14,289,0.7
470,13,15,260,0.6
470,15,16,209,0.5
470,14,17,192,0.5
470,9,18,148,0.4
470,16,19,99,0.2
470,18,20,99,0.2
471,1,1,6 522,34.9
471,7,2,2 640,14.1
471,10,3,2 156,11.5
471,5,4,1 964,10.5
471,8,5,1 681,9
471,6,6,742,4
471,3,7,731,3.9
471,4,8,400,2.1
471,2,9,391,2.1
471,17,10,309,1.7
471,11,11,241,1.3
471,12,12,189,1
471,19,13,188,1
471,9,14,161,0.9
471,16,15,142,0.8
471,20,16,106,0.6
471,18,17,49,0.3
471,14,18,46,0.2
471,13,19,19,0.1
471,15,20,13,0.1
472,1,1,34 713,32.1
472,10,2,17 775,16.4
472,8,3,16 071,14.8
472,7,4,8 711,8
472,5,5,6 511,6
472,4,6,4 972,4.6
472,3,7,4 720,4.4
472,6,8,4 213,3.9
472,12,9,2 887,2.7
472,2,10,2 173,2
472,9,11,2 013,1.9
472,20,12,912,0.8
472,19,13,592,0.5
472,11,14,377,0.3
472,15,15,352,0.3
472,18,16,332,0.3
472,16,17,301,0.3
472,17,18,292,0.3
472,14,19,192,0.2
472,13,20,110,0.1
473,1,1,3 659,25.3
473,10,2,3 341,23.1
473,8,3,1 921,13.3
473,5,4,1 225,8.5
473,7,5,1 147,7.9
473,3,6,844,5.8
473,2,7,478,3.3
473,6,8,392,2.7
473,4,9,366,2.5
473,12,10,246,1.7
473,9,11,224,1.5
473,20,12,127,0.9
473,18,13,101,0.7
473,11,14,82,0.6
473,17,15,79,0.5
473,13,16,69,0.5
473,14,17,65,0.4
473,19,18,44,0.3
473,15,19,44,0.3
473,16,20,24,0.2
474,1,1,5 649,35.3
474,10,2,2 561,16
474,8,3,2 207,13.8
474,7,4,1 932,12.1
474,5,5,880,5.5
474,2,6,494,3.1
474,19,7,462,2.9
474,6,8,316,2
474,4,9,274,1.7
474,3,10,264,1.7
474,9,11,246,1.5
474,15,12,217,1.4
474,20,13,170,1.1
474,12,14,97,0.6
474,17,15,76,0.5
474,11,16,56,0.3
474,18,17,41,0.3
474,13,18,30,0.2
474,14,19,18,0.1
474,16,20,11,0.1
475,1,1,24 785,48.8
475,10,2,7 849,15.4
475,7,3,4 855,9.6
475,8,4,2 875,5.7
475,5,5,2 525,5
475,4,6,1 582,3.1
475,3,7,1 393,2.7
475,2,8,1 025,2
475,19,9,779,1.5
475,12,10,716,1.4
475,20,11,611,1.2
475,11,12,328,0.6
475,17,13,327,0.6
475,6,14,247,0.5
475,9,15,225,0.4
475,13,16,215,0.4
475,15,17,158,0.3
475,14,18,126,0.2
475,16,19,110,0.2
475,18,20,84,0.2
477,1,1,14 549,37.7
477,4,2,4 845,12.5
477,10,3,3 428,8.9
477,5,4,3 221,8.3
477,8,5,3 043,7.9
477,7,6,2 542,6.6
477,3,7,1 570,4.1
477,19,8,1 317,3.4
477,20,9,1 027,2.7
477,6,10,842,2.2
477,2,11,791,2
477,9,12,454,1.2
477,12,13,394,1
477,13,14,133,0.3
477,16,15,107,0.3
477,11,16,107,0.3
477,17,17,92,0.2
477,14,18,78,0.2
477,15,19,56,0.1
477,18,20,18,0
478,8,1,10 509,21.6
478,4,2,9 068,18.7
478,3,3,8 166,16.8
478,5,4,4 836,10
478,1,5,3 641,7.5
478,10,6,3 256,6.7
478,7,7,1 667,3.4
478,2,8,1 567,3.2
478,9,9,1 247,2.6
478,12,10,944,1.9
478,19,11,924,1.9
478,13,12,774,1.6
478,20,13,629,1.3
478,6,14,595,1.2
478,14,15,282,0.6
478,16,16,216,0.4
478,15,17,148,0.3
478,11,18,60,0.1
478,17,19,60,0.1
479,8,1,3 229,18.7
479,1,2,2 908,16.8
479,4,3,2 876,16.6
479,10,4,2 178,12.6
479,7,5,1 334,7.7
479,5,6,1 072,6.2
479,2,7,670,3.9
479,19,8,660,3.8
479,6,9,640,3.7
479,20,10,573,3.3
479,3,11,400,2.3
479,11,12,211,1.2
479,9,13,149,0.9
479,13,14,130,0.7
479,12,15,120,0.7
479,17,16,85,0.5
479,16,17,51,0.3
479,14,18,17,0.1
499,5,1,38 745,17.3
499,10,2,25 823,11.5
499,8,3,25 519,11.4
499,4,4,24 352,10.8
499,1,5,23 700,10.6
499,7,6,14 737,6.6
499,2,7,13 436,6
499,12,8,10 582,4.7
499,3,9,8 493,3.8
499,6,10,7 828,3.5
499,20,11,7 043,3.1
499,19,12,6 780,3
499,15,13,5 987,2.7
499,14,14,3 095,1.4
499,9,15,2 982,1.3
499,13,16,2 319,1
499,17,17,1 302,0.6
499,11,18,1 027,0.5
499,18,19,428,0.2
499,16,20,407,0.2
503,1,1,8 887,30.6
503,7,2,6 855,23.6
503,8,3,4 508,15.5
503,3,4,4 280,14.7
503,10,5,1 867,6.4
503,12,6,745,2.6
503,5,7,409,1.4
503,2,8,299,1
503,6,9,195,0.7
503,18,10,166,0.6
503,13,11,163,0.6
503,4,12,152,0.5
503,11,13,142,0.5
503,9,14,98,0.3
503,19,15,88,0.3
503,20,16,78,0.3
503,16,17,49,0.2
503,15,18,37,0.1
503,17,19,17,0.1
503,14,20,15,0.1
504,7,1,5 196,24.9
504,1,2,4 520,21.6
504,10,3,4 298,20.6
504,8,4,2 187,10.5
504,4,5,1 341,6.4
504,3,6,1 156,5.5
504,2,7,442,2.1
504,11,8,405,1.9
504,5,9,352,1.7
504,18,10,204,1
504,9,11,165,0.8
504,6,12,130,0.6
504,17,13,121,0.6
504,20,14,113,0.5
504,12,15,86,0.4
504,13,16,67,0.3
504,14,17,59,0.3
504,16,18,26,0.1
504,19,19,14,0.1
504,15,20,11,0.1
505,10,1,4 254,39.7
505,1,2,2 690,25.1
505,7,3,1 090,10.2
505,8,4,844,7.9
505,4,5,758,7.1
505,3,6,435,4.1
505,2,7,119,1.1
505,12,8,89,0.8
505,9,9,89,0.8
505,17,10,78,0.7
505,11,11,47,0.4
505,19,12,45,0.4
505,5,13,35,0.3
505,18,14,30,0.3
505,6,15,30,0.3
505,13,16,28,0.3
505,20,17,25,0.2
505,14,18,17,0.2
505,16,19,10,0.1
506,1,1,18 188,24.1
506,7,2,12 495,16.6
506,8,3,9 009,11.9
506,10,4,8 906,11.8
506,12,5,5 807,7.7
506,4,6,5 590,7.4
506,3,7,2 785,3.7
506,5,8,2 304,3.1
506,2,9,2 206,2.9
506,20,10,1 264,1.7
506,14,11,1 145,1.5
506,13,12,1 089,1.4
506,19,13,963,1.3
506,9,14,853,1.1
506,11,15,794,1.1
506,6,16,690,0.9
506,17,17,349,0.5
506,16,18,337,0.4
506,18,19,316,0.4
506,15,20,304,0.4
514,1,1,22 151,34.8
514,10,2,10 345,16.3
514,12,3,6 001,9.4
514,7,4,5 451,8.6
514,4,5,4 286,6.7
514,8,6,3 690,5.8
514,3,7,3 444,5.4
514,5,8,1 935,3
514,2,9,1 764,2.8
514,9,10,1 048,1.6
514,19,11,881,1.4
514,17,12,476,0.7
514,6,13,406,0.6
514,11,14,383,0.6
514,16,15,339,0.5
514,20,16,285,0.4
514,14,17,252,0.4
514,18,18,199,0.3
514,13,19,133,0.2
514,15,20,97,0.2
524,10,1,17 366,20.8
524,8,2,11 961,14.4
524,12,3,9 464,11.4
524,4,4,9 064,10.9
524,7,5,7 559,9.1
524,5,6,6 589,7.9
524,1,7,5 267,6.3
524,3,8,2 431,2.9
524,2,9,2 326,2.8
524,6,10,1 850,2.2
524,9,11,1 789,2.1
524,13,12,1 658,2
524,19,13,1 432,1.7
524,14,14,1 264,1.5
524,20,15,898,1.1
524,11,16,636,0.8
524,15,17,636,0.8
524,17,18,577,0.7
524,18,19,298,0.4
524,16,20,280,0.3
525,1,1,2 239,34.3
525,8,2,1 287,19.7
525,4,3,555,8.5
525,3,4,515,7.9
525,7,5,410,6.3
525,10,6,385,5.9
525,2,7,370,5.7
525,11,8,188,2.9
525,17,9,145,2.2
525,6,10,105,1.6
525,18,11,90,1.4
525,19,12,83,1.3
525,9,13,73,1.1
525,5,14,38,0.6
525,20,15,24,0.4
525,14,16,17,0.3
525,12,17,7,0.1
526,10,1,6 728,33.7
526,8,2,2 892,14.5
526,7,3,2 547,12.7
526,1,4,2 052,10.3
526,2,5,1 424,7.1
526,9,6,852,4.3
526,3,7,641,3.2
526,5,8,610,3.1
526,12,9,581,2.9
526,18,10,316,1.6
526,19,11,288,1.4
526,11,12,276,1.4
526,4,13,258,1.3
526,16,14,114,0.6
526,6,15,107,0.5
526,20,16,88,0.4
526,17,17,65,0.3
526,14,18,58,0.3
526,13,19,46,0.2
526,15,20,41,0.2
529,1,1,28 108,55.5
529,3,2,3 641,7.2
529,2,3,3 461,6.8
529,8,4,3 200,6.3
529,10,5,2 889,5.7
529,4,6,2 754,5.4
529,5,7,1 738,3.4
529,7,8,1 375,2.7
529,12,9,1 304,2.6
529,17,10,446,0.9
529,18,11,378,0.7
529,9,12,368,0.7
529,11,13,243,0.5
529,19,14,236,0.5
529,6,15,185,0.4
529,20,16,129,0.3
529,13,17,88,0.2
529,15,18,87,0.2
529,16,19,35,0.1
529,14,20,14,0
538,10,1,26 556,26.8
538,4,2,14 558,14.7
538,12,3,11 163,11.3
538,2,4,8 796,8.9
538,7,5,7 312,7.4
538,1,6,7 274,7.3
538,8,7,5 982,6
538,13,8,2 987,3
538,5,9,2 143,2.2
538,19,10,2 115,2.1
538,3,11,1 544,1.6
538,17,12,1 362,1.4
538,11,13,1 281,1.3
538,9,14,1 264,1.3
538,6,15,1 117,1.1
538,14,16,886,0.9
538,20,17,773,0.8
538,18,18,739,0.7
538,15,19,681,0.7
538,16,20,592,0.6
542,1,1,7 159,33
542,7,2,4 095,18.9
542,10,3,3 470,16
542,8,4,2 150,9.9
542,3,5,2 015,9.3
542,2,6,1 323,6.1
542,4,7,518,2.4
542,5,8,252,1.2
542,17,9,219,1
542,11,10,158,0.7
542,18,11,112,0.5
542,12,12,86,0.4
542,20,13,43,0.2
542,15,14,29,0.1
542,6,15,27,0.1
542,16,16,21,0.1
542,19,17,12,0.1
546,1,1,11 660,56.8
546,3,2,3 848,18.7
546,7,3,1 781,8.7
546,8,4,1 101,5.4
546,10,5,688,3.4
546,2,6,350,1.7
546,4,7,251,1.2
546,18,8,220,1.1
546,12,9,101,0.5
546,5,10,80,0.4
546,11,11,66,0.3
546,14,12,55,0.3
546,20,13,53,0.3
546,9,14,52,0.3
546,16,15,48,0.2
546,17,16,47,0.2
546,13,17,46,0.2
546,6,18,41,0.2
546,19,19,35,0.2
560,1,1,4 610,33.7
560,3,2,2 818,20.6
560,7,3,1 690,12.4
560,8,4,1 590,11.6
560,10,5,1 141,8.3
560,17,6,407,3
560,4,7,312,2.3
560,12,8,216,1.6
560,2,9,206,1.5
560,11,10,186,1.4
560,18,11,131,1
560,5,12,93,0.7
560,15,13,82,0.6
560,19,14,59,0.4
560,13,15,53,0.4
560,9,16,38,0.3
560,16,17,15,0.1
560,20,18,11,0.1
560,14,19,10,0.1
561,1,1,6 221,24.9
561,12,2,3 435,13.8
561,10,3,2 913,11.7
561,7,4,2 632,10.5
561,8,5,2 496,10
561,4,6,1 661,6.7
561,3,7,1 091,4.4
561,2,8,965,3.9
561,13,9,885,3.5
561,5,10,814,3.3
561,20,11,561,2.2
561,19,12,430,1.7
561,9,13,396,1.6
561,17,14,115,0.5
561,18,15,92,0.4
561,6,16,81,0.3
561,11,17,64,0.3
561,14,18,54,0.2
561,16,19,41,0.2
561,15,20,27,0.1
562,1,1,8 658,32.5
562,7,2,4 904,18.4
562,10,3,2 570,9.7
562,3,4,1 802,6.8
562,8,5,1 593,6
562,14,6,1 329,5
562,4,7,1 076,4
562,2,8,1 055,4
562,13,9,630,2.4
562,12,10,543,2
562,5,11,524,2
562,17,12,516,1.9
562,20,13,316,1.2
562,19,14,286,1.1
562,11,15,265,1
562,18,16,251,0.9
562,6,17,112,0.4
562,9,18,111,0.4
562,16,19,48,0.2
562,15,20,24,0.1
563,10,1,7 326,20.6
563,8,2,6 909,19.5
563,1,3,5 284,14.9
563,7,4,3 728,10.5
563,19,5,1 949,5.5
563,3,6,1 818,5.1
563,4,7,1 467,4.1
563,20,8,1 222,3.4
563,12,9,1 116,3.1
563,5,10,966,2.7
563,13,11,890,2.5
563,2,12,719,2
563,9,13,700,2
563,6,14,535,1.5
563,18,15,371,1
563,11,16,173,0.5
563,17,17,137,0.4
563,15,18,99,0.3
563,14,19,63,0.2
563,16,20,28,0.1
564,1,1,2 677,24.5
564,4,2,1 398,12.8
564,10,3,1 376,12.6
564,8,4,1 365,12.5
564,3,5,1 094,10
564,12,6,594,5.4
564,7,7,498,4.6
564,18,8,449,4.1
564,17,9,302,2.8
564,5,10,247,2.3
564,20,11,235,2.2
564,13,12,170,1.6
564,19,13,161,1.5
564,2,14,91,0.8
564,11,15,81,0.7
564,9,16,78,0.7
564,6,17,44,0.4
564,14,18,40,0.4
564,16,19,22,0.2
565,1,1,1 972,25.4
565,10,2,1 433,18.4
565,7,3,1 199,15.4
565,8,4,1 177,15.1
565,14,5,588,7.6
565,12,6,324,4.2
565,13,7,251,3.2
565,4,8,140,1.8
565,5,9,135,1.7
565,17,10,131,1.7
565,3,11,90,1.2
565,2,12,64,0.8
565,6,13,60,0.8
565,18,14,57,0.7
565,20,15,42,0.5
565,9,16,38,0.5
565,19,17,31,0.4
565,15,18,17,0.2
565,16,19,14,0.2
565,11,20,13,0.2
566,10,1,31 347,18
566,4,2,25 449,14.6
566,7,3,16 660,9.6
566,1,4,15 538,8.9
566,12,5,14 733,8.5
566,8,6,11 744,6.8
566,5,7,10 099,5.8
566,2,8,9 659,5.6
566,3,9,7 724,4.4
566,13,10,6 681,3.8
566,6,11,5 522,3.2
566,19,12,4 781,2.7
566,9,13,3 392,2
566,17,14,2 204,1.3
566,20,15,2 129,1.2
566,14,16,1 676,1
566,15,17,1 521,0.9
566,11,18,1 325,0.8
566,18,19,903,0.5
566,16,20,780,0.4
567,1,1,6 787,40.2
567,7,2,3 491,20.7
567,8,3,2 628,15.6
567,10,4,1 109,6.6
567,4,5,657,3.9
567,3,6,626,3.7
567,12,7,349,2.1
567,17,8,337,2
567,5,9,243,1.4
567,18,10,119,0.7
567,14,11,119,0.7
567,2,12,116,0.7
567,20,13,80,0.5
567,6,14,45,0.3
567,16,15,35,0.2
567,11,16,33,0.2
567,15,17,33,0.2
567,9,18,32,0.2
567,13,19,24,0.1
567,19,20,16,0.1
568,10,1,3 796,22.2
568,7,2,3 578,20.9
568,8,3,2 413,14.1
568,1,4,2 376,13.9
568,5,5,790,4.6
568,12,6,733,4.3
568,3,7,687,4
568,4,8,449,2.6
568,19,9,403,2.4
568,9,10,357,2.1
568,2,11,322,1.9
568,11,12,289,1.7
568,13,13,286,1.7
568,17,14,194,1.1
568,18,15,187,1.1
568,14,16,95,0.6
568,6,17,83,0.5
568,16,18,58,0.3
568,15,19,12,0.1
569,1,1,11 363,56.8
569,3,2,2 475,12.4
569,10,3,2 133,10.7
569,7,4,1 667,8.3
569,8,5,1 026,5.1
569,17,6,363,1.8
569,5,7,229,1.1
569,12,8,182,0.9
569,4,9,162,0.8
569,9,10,127,0.6
569,2,11,79,0.4
569,11,12,65,0.3
569,16,13,37,0.2
569,6,14,35,0.2
569,14,15,28,0.1
569,19,16,21,0.1
569,13,17,18,0.1
569,18,18,10,0
570,1,1,6 248,27.1
570,7,2,3 638,15.8
570,10,3,3 494,15.1
570,8,4,2 407,10.4
570,3,5,2 073,9
570,4,6,1 169,5.1
570,5,7,879,3.8
570,2,8,877,3.8
570,12,9,440,1.9
570,19,10,373,1.6
570,6,11,280,1.2
570,13,12,277,1.2
570,14,13,243,1.1
570,9,14,235,1
570,11,15,154,0.7
570,17,16,109,0.5
570,20,17,98,0.4
570,18,18,46,0.2
570,16,19,29,0.1
571,1,1,11 033,37.9
571,10,2,6 468,22.2
571,8,3,2 365,8.1
571,7,4,2 001,6.9
571,2,5,1 548,5.3
571,5,6,1 546,5.3
571,4,7,1 245,4.3
571,3,8,1 196,4.1
571,17,9,265,0.9
571,12,10,233,0.8
571,11,11,209,0.7
571,9,12,181,0.6
571,18,13,177,0.6
571,20,14,142,0.5
571,14,15,126,0.4
571,19,16,108,0.4
571,6,17,102,0.4
571,13,18,95,0.3
571,15,19,51,0.2
571,16,20,44,0.2
573,1,1,10 717,46
573,7,2,3 866,16.6
573,10,3,2 599,11.1
573,8,4,1 943,8.3
573,4,5,1 290,5.5
573,3,6,1 218,5.2
573,2,7,330,1.4
573,5,8,326,1.4
573,12,9,184,0.8
573,20,10,160,0.7
573,15,11,144,0.6
573,14,12,128,0.5
573,11,13,91,0.4
573,17,14,90,0.4
573,9,15,73,0.3
573,19,16,49,0.2
573,6,17,48,0.2
573,18,18,36,0.2
573,16,19,21,0.1
574,4,1,5 633,30.2
574,1,2,2 925,15.7
574,7,3,1 762,9.4
574,10,4,1 574,8.4
574,19,5,1 396,7.5
574,8,6,994,5.3
574,3,7,945,5.1
574,2,8,920,4.9
574,20,9,769,4.1
574,5,10,423,2.3
574,12,11,256,1.4
574,9,12,251,1.3
574,15,13,201,1.1
574,6,14,166,0.9
574,14,15,138,0.7
574,11,16,73,0.4
574,18,17,70,0.4
574,13,18,69,0.4
574,17,19,68,0.4
574,16,20,38,0.2
575,1,1,11 627,36.1
575,10,2,4 781,14.8
575,8,3,3 388,10.5
575,2,4,3 332,10.3
575,7,5,3 152,9.8
575,3,6,1 842,5.7
575,20,7,863,2.7
575,5,8,671,2.1
575,4,9,662,2.1
575,11,10,313,1
575,14,11,311,1
575,9,12,289,0.9
575,12,13,238,0.7
575,18,14,230,0.7
575,17,15,182,0.6
575,19,16,172,0.5
575,6,17,90,0.3
575,16,18,60,0.2
575,15,19,30,0.1
575,13,20,8,0
576,1,1,24 689,61.7
576,3,2,3 901,9.8
576,7,3,3 814,9.5
576,10,4,2 097,5.2
576,2,5,2 091,5.2
576,8,6,905,2.3
576,4,7,822,2.1
576,5,8,735,1.8
576,17,9,273,0.7
576,11,10,217,0.5
576,16,11,103,0.3
576,12,12,67,0.2
576,6,13,63,0.2
576,18,14,58,0.1
576,14,15,42,0.1
576,20,16,35,0.1
576,15,17,29,0.1
576,9,18,28,0.1
576,19,19,24,0.1
576,13,20,15,0
577,1,1,11 627,37.2
577,10,2,4 006,12.8
577,7,3,3 908,12.5
577,2,4,3 443,11
577,8,5,2 138,6.8
577,3,6,1 897,6.1
577,4,7,896,2.9
577,12,8,832,2.7
577,5,9,516,1.6
577,13,10,416,1.3
577,20,11,305,1
577,19,12,266,0.8
577,18,13,221,0.7
577,15,14,201,0.6
577,11,15,192,0.6
577,14,16,132,0.4
577,17,17,124,0.4
577,9,18,111,0.4
577,6,19,64,0.2
578,1,1,4 326,25
578,8,2,2 830,16.4
578,3,3,1 983,11.5
578,10,4,1 690,9.8
578,2,5,1 501,8.7
578,5,6,1 156,6.7
578,7,7,915,5.3
578,9,8,902,5.2
578,12,9,864,5
578,6,10,348,2
578,4,11,254,1.5
578,20,12,181,1
578,19,13,167,1
578,14,14,41,0.2
578,18,15,40,0.2
578,11,16,31,0.2
578,16,17,28,0.2
578,17,18,13,0.1
579,1,1,15 118,46.6
579,10,2,4 954,15.3
579,7,3,2 360,7.3
579,3,4,2 052,6.3
579,8,5,1 884,5.8
579,12,6,1 351,4.2
579,5,7,1 140,3.5
579,4,8,1 134,3.5
579,2,9,660,2
579,18,10,500,1.5
579,11,11,294,0.9
579,15,12,221,0.7
579,17,13,181,0.6
579,20,14,176,0.5
579,6,15,123,0.4
579,14,16,112,0.3
579,9,17,91,0.3
579,13,18,67,0.2
579,16,19,28,0.1
580,1,1,22 100,61.6
580,7,2,4 815,13.4
580,10,3,3 288,9.2
580,3,4,2 648,7.4
580,8,5,963,2.7
580,5,6,419,1.2
580,4,7,395,1.1
580,2,8,386,1.1
580,17,9,168,0.5
580,12,10,162,0.5
580,11,11,145,0.4
580,9,12,96,0.3
580,20,13,84,0.2
580,14,14,59,0.2
580,19,15,40,0.1
580,18,16,33,0.1
580,13,17,31,0.1
580,6,18,27,0.1
580,16,19,2,0
581,1,1,14 635,38.7
581,10,2,6 617,17.5
581,4,3,3 209,8.5
581,3,4,2 840,7.5
581,7,5,2 555,6.8
581,8,6,2 441,6.5
581,2,7,1 247,3.3
581,11,8,615,1.6
581,20,9,574,1.5
581,17,10,548,1.4
581,9,11,456,1.2
581,19,12,387,1
581,5,13,338,0.9
581,12,14,328,0.9
581,18,15,313,0.8
581,14,16,281,0.7
581,13,17,265,0.7
581,16,18,104,0.3
581,6,19,50,0.1
581,15,20,37,0.1
582,1,1,16 163,40.9
582,3,2,11 418,28.9
582,10,3,3 306,8.4
582,2,4,1 873,4.7
582,7,5,1 678,4.2
582,4,6,1 473,3.7
582,8,7,925,2.3
582,20,8,914,2.3
582,5,9,686,1.7
582,12,10,483,1.2
582,18,11,245,0.6
582,11,12,149,0.4
582,6,13,81,0.2
582,19,14,53,0.1
582,17,15,40,0.1
582,9,16,32,0.1
582,14,17,10,0
583,1,1,20 468,46
583,3,2,6 920,15.5
583,2,3,5 112,11.5
583,10,4,4 143,9.3
583,4,5,2 933,6.6
583,7,6,1 935,4.3
583,5,7,1 041,2.3
583,8,8,512,1.1
583,11,9,306,0.7
583,6,10,245,0.6
583,20,11,243,0.5
583,14,12,148,0.3
583,17,13,123,0.3
583,19,14,106,0.2
583,13,15,102,0.2
583,18,16,82,0.2
583,12,17,37,0.1
583,16,18,29,0.1
583,9,19,21,0
584,1,1,8 088,71.9
584,3,2,762,6.8
584,10,3,477,4.2
584,8,4,348,3.1
584,7,5,294,2.6
584,4,6,258,2.3
584,2,7,246,2.2
584,15,8,144,1.3
584,18,9,134,1.2
584,20,10,108,1
584,12,11,94,0.8
584,19,12,84,0.7
584,11,13,77,0.7
584,5,14,71,0.6
584,13,15,29,0.3
584,9,16,27,0.2
585,1,1,8 176,59.3
585,2,2,1 239,9
585,10,3,999,7.2
585,3,4,783,5.7
585,7,5,712,5.2
585,4,6,523,3.8
585,8,7,388,2.8
585,5,8,290,2.1
585,12,9,157,1.1
585,20,10,139,1
585,6,11,84,0.6
585,11,12,62,0.5
585,9,13,60,0.4
585,19,14,53,0.4
585,14,15,43,0.3
585,18,16,31,0.2
585,17,17,21,0.2
585,13,18,11,0.1
585,16,19,11,0.1
586,1,1,26 215,63.1
586,10,2,4 539,10.9
586,3,3,2 764,6.7
586,7,4,1 871,4.5
586,2,5,1 852,4.5
586,8,6,816,2
586,5,7,722,1.7
586,4,8,656,1.6
586,12,9,649,1.6
586,19,10,265,0.6
586,9,11,255,0.6
586,17,12,252,0.6
586,11,13,213,0.5
586,18,14,162,0.4
586,15,15,72,0.2
586,14,16,64,0.2
586,20,17,62,0.2
586,16,18,54,0.1
586,6,19,33,0.1
586,13,20,24,0.1
587,1,1,11 504,39.5
587,7,2,4 857,16.7
587,10,3,4 307,14.8
587,8,4,2 273,7.8
587,12,5,1 176,4
587,5,6,891,3.1
587,2,7,706,2.4
587,4,8,637,2.2
587,6,9,572,2
587,17,10,461,1.6
587,3,11,445,1.5
587,11,12,373,1.3
587,9,13,348,1.2
587,14,14,139,0.5
587,13,15,138,0.5
587,15,16,109,0.4
587,18,17,81,0.3
587,16,18,50,0.2
587,20,19,31,0.1
587,19,20,16,0.1
588,1,1,6 156,51.9
588,10,2,2 153,18.2
588,7,3,1 040,8.8
588,8,4,893,7.5
588,12,5,391,3.3
588,3,6,338,2.8
588,17,7,208,1.8
588,18,8,206,1.7
588,11,9,125,1.1
588,5,10,118,1
588,4,11,86,0.7
588,20,12,61,0.5
588,2,13,60,0.5
588,6,14,18,0.2
588,9,15,3,0
589,1,1,22 780,49.1
589,7,2,7 529,16.2
589,10,3,4 739,10.2
589,3,4,3 160,6.8
589,8,5,2 838,6.1
589,4,6,1 011,2.2
589,2,7,922,2
589,12,8,807,1.7
589,5,9,561,1.2
589,17,10,377,0.8
589,20,11,251,0.5
589,11,12,242,0.5
589,13,13,240,0.5
589,14,14,209,0.5
589,19,15,201,0.4
589,9,16,134,0.3
589,6,17,121,0.3
589,15,18,104,0.2
589,16,19,103,0.2
589,18,20,73,0.2
590,1,1,4 309,38.6
590,10,2,1 898,17
590,7,3,1 651,14.8
590,8,4,1 512,13.5
590,3,5,856,7.7
590,4,6,200,1.8
590,5,7,125,1.1
590,2,8,122,1.1
590,11,9,108,1
590,12,10,108,1
590,6,11,77,0.7
590,17,12,56,0.5
590,9,13,43,0.4
590,20,14,28,0.3
590,18,15,24,0.2
590,19,16,23,0.2
590,14,17,19,0.2
590,16,18,13,0.1
591,1,1,11 899,26.5
591,10,2,8 997,20
591,7,3,5 726,12.7
591,4,4,3 922,8.7
591,12,5,2 965,6.6
591,2,6,2 681,6
591,3,7,2 630,5.9
591,8,8,1 688,3.8
591,5,9,1 244,2.8
591,9,10,614,1.4
591,14,11,500,1.1
591,11,12,402,0.9
591,19,13,393,0.9
591,18,14,373,0.8
591,6,15,252,0.6
591,13,16,245,0.5
591,17,17,155,0.3
591,15,18,114,0.3
591,20,19,74,0.2
591,16,20,73,0.2
592,1,1,19 695,22.2
592,7,2,14 446,16.3
592,4,3,13 528,15.2
592,10,4,11 298,12.7
592,12,5,6 104,6.9
592,8,6,4 850,5.5
592,5,7,4 550,5.1
592,2,8,4 108,4.6
592,3,9,2 449,2.8
592,13,10,1 775,2
592,19,11,1 510,1.7
592,9,12,937,1.1
592,6,13,789,0.9
592,15,14,555,0.6
592,14,15,470,0.5
592,11,16,462,0.5
592,20,17,451,0.5
592,17,18,349,0.4
592,18,19,339,0.4
592,16,20,205,0.2
593,1,1,17 155,52.6
593,3,2,5 186,15.9
593,7,3,2 870,8.8
593,8,4,2 169,6.6
593,10,5,1 702,5.2
593,5,6,621,1.9
593,4,7,603,1.8
593,2,8,546,1.7
593,12,9,468,1.4
593,18,10,382,1.2
593,11,11,240,0.7
593,17,12,184,0.6
593,9,13,121,0.4
593,14,14,90,0.3
593,13,15,85,0.3
593,20,16,83,0.3
593,6,17,47,0.1
593,15,18,45,0.1
593,16,19,30,0.1
594,1,1,8 854,39.2
594,7,2,5 597,24.7
594,8,3,2 965,13.1
594,3,4,1 462,6.5
594,10,5,1 402,6.2
594,2,6,966,4.3
594,5,7,549,2.4
594,4,8,305,1.4
594,11,9,130,0.6
594,12,10,96,0.4
594,20,11,52,0.2
594,18,12,51,0.2
594,17,13,41,0.2
594,19,14,35,0.2
594,9,15,34,0.2
594,6,16,31,0.1
594,16,17,24,0.1
594,14,18,11,0
594,13,19,9,0
595,7,1,2 420,39.8
595,1,2,933,15.4
595,10,3,631,10.4
595,19,4,387,6.4
595,8,5,325,5.3
595,20,6,265,4.4
595,11,7,214,3.5
595,5,8,209,3.4
595,4,9,175,2.9
595,6,10,109,1.8
595,3,11,99,1.6
595,12,12,84,1.4
595,14,13,62,1
595,16,14,54,0.9
595,9,15,40,0.7
595,18,16,36,0.6
595,13,17,32,0.5
595,2,18,5,0.1
596,10,1,8 210,35.2
596,7,2,3 205,13.7
596,1,3,2 238,9.6
596,5,4,2 003,8.6
596,8,5,1 722,7.4
596,3,6,1 326,5.7
596,4,7,1 279,5.5
596,19,8,937,4
596,11,9,571,2.4
596,20,10,445,1.9
596,2,11,435,1.9
596,6,12,366,1.6
596,12,13,209,0.9
596,14,14,119,0.5
596,16,15,71,0.3
596,17,16,63,0.3
596,9,17,62,0.3
596,13,18,44,0.2
596,15,19,33,0.1
596,18,20,14,0.1
597,1,1,10 745,46
597,7,2,4 290,18.4
597,3,3,2 251,9.6
597,10,4,1 531,6.6
597,8,5,1 477,6.3
597,2,6,845,3.6
597,5,7,610,2.6
597,4,8,339,1.4
597,12,9,272,1.2
597,20,10,158,0.7
597,17,11,148,0.6
597,18,12,138,0.6
597,6,13,138,0.6
597,9,14,112,0.5
597,11,15,108,0.5
597,13,16,77,0.3
597,16,17,53,0.2
597,14,18,38,0.2
597,19,19,23,0.1
597,15,20,14,0.1
598,1,1,13 913,31.3
598,7,2,7 348,16.6
598,3,3,5 385,12.1
598,8,4,5 367,12.1
598,10,5,4 463,10.1
598,5,6,2 977,6.7
598,4,7,1 008,2.3
598,2,8,991,2.2
598,12,9,664,1.5
598,17,10,636,1.4
598,20,11,345,0.8
598,11,12,267,0.6
598,9,13,208,0.5
598,13,14,190,0.4
598,18,15,189,0.4
598,6,16,115,0.3
598,16,17,106,0.2
598,15,18,105,0.2
598,14,19,58,0.1
598,19,20,51,0.1
599,4,1,216 055,20.3
599,10,2,148 410,13.9
599,7,3,126 333,11.9
599,12,4,115 535,10.8
599,1,5,108 639,10.2
599,3,6,53 678,5
599,2,7,52 889,5
599,13,8,43 503,4.1
599,8,9,40 235,3.8
599,5,10,39 455,3.7
599,19,11,27 258,2.6
599,6,12,14 852,1.4
599,20,13,12 660,1.2
599,14,14,12 627,1.2
599,9,15,11 077,1
599,17,16,9 473,0.9
599,11,17,9 129,0.9
599,16,18,8 638,0.8
599,18,19,8 628,0.8
599,15,20,6 441,0.6
660,1,1,41 778,76.1
660,8,2,4 762,8.7
660,2,3,2 030,3.7
660,7,4,1 479,2.7
660,10,5,1 205,2.2
660,9,6,995,1.8
660,5,7,438,0.8
660,3,8,412,0.8
660,4,9,372,0.7
660,12,10,298,0.5
660,20,11,275,0.5
660,17,12,220,0.4
660,19,13,170,0.3
660,11,14,131,0.2
660,13,15,119,0.2
660,16,16,107,0.2
660,6,17,62,0.1
660,14,18,31,0.1
660,15,19,17,0
660,18,20,15,0
661,1,1,79 165,42.6
661,8,2,30 104,16.2
661,10,3,14 202,7.6
661,3,4,12 610,6.8
661,5,5,9 137,4.9
661,7,6,7 408,4
661,19,7,6 206,3.3
661,2,8,5 698,3.1
661,4,9,5 149,2.8
661,9,10,4 402,2.4
661,12,11,3 825,2.1
661,20,12,1 660,0.9
661,6,13,1 349,0.7
661,17,14,1 344,0.7
661,13,15,1 342,0.7
661,16,16,780,0.4
661,18,17,583,0.3
661,11,18,435,0.2
661,14,19,226,0.1
661,15,20,157,0.1
662,1,1,56 996,23.6
662,10,2,30 382,12.6
662,8,3,27 580,11.4
662,3,4,26 158,10.8
662,5,5,16 252,6.7
662,2,6,15 985,6.6
662,7,7,14 827,6.1
662,4,8,13 576,5.6
662,12,9,10 822,4.5
662,9,10,7 782,3.2
662,19,11,4 428,1.8
662,6,12,3 924,1.6
662,20,13,2 668,1.1
662,17,14,2 511,1
662,16,15,1 591,0.7
662,14,16,1 453,0.6
662,11,17,1 440,0.6
662,13,18,1 104,0.5
662,18,19,1 015,0.4
662,15,20,826,0.3
663,1,1,8 172,47.3
663,6,2,1 461,8.5
663,5,3,1 271,7.4
663,3,4,866,5
663,7,5,862,5
663,8,6,838,4.8
663,19,7,614,3.6
663,17,8,566,3.3
663,10,9,550,3.2
663,9,10,443,2.6
663,20,11,371,2.1
663,4,12,325,1.9
663,2,13,224,1.3
663,13,14,203,1.2
663,16,15,197,1.1
663,12,16,187,1.1
663,14,17,54,0.3
663,11,18,51,0.3
663,15,19,17,0.1
663,18,20,10,0.1
664,1,1,43 493,54.9
664,8,2,10 191,12.9
664,2,3,6 166,7.8
664,10,4,4 331,5.5
664,9,5,3 064,3.9
664,3,6,2 953,3.7
664,7,7,2 084,2.6
664,4,8,1 512,1.9
664,5,9,1 328,1.7
664,19,10,947,1.2
664,12,11,814,1
664,17,12,627,0.8
664,6,13,402,0.5
664,11,14,312,0.4
664,20,15,299,0.4
664,16,16,209,0.3
664,14,17,179,0.2
664,18,18,125,0.2
664,13,19,104,0.1
664,15,20,103,0.1
665,1,1,12 781,45.1
665,8,2,2 624,9.2
665,7,3,2 602,9.2
665,2,4,2 563,9
665,10,5,2 477,8.7
665,3,6,1 525,5.4
665,5,7,876,3.1
665,17,8,537,1.9
665,18,9,496,1.7
665,19,10,490,1.7
665,4,11,409,1.4
665,20,12,314,1.1
665,12,13,187,0.7
665,9,14,145,0.5
665,11,15,98,0.3
665,14,16,92,0.3
665,15,17,63,0.2
665,16,18,41,0.1
665,6,19,31,0.1
665,13,20,17,0.1
666,1,1,20 686,60.5
666,10,2,2 860,8.4
666,8,3,2 851,8.3
666,3,4,1 719,5
666,7,5,1 189,3.5
666,5,6,917,2.7
666,2,7,882,2.6
666,19,8,543,1.6
666,4,9,521,1.5
666,17,10,449,1.3
666,18,11,425,1.2
666,12,12,358,1
666,6,13,139,0.4
666,15,14,139,0.4
666,9,15,131,0.4
666,20,16,126,0.4
666,11,17,123,0.4
666,16,18,66,0.2
666,14,19,54,0.2
666,13,20,24,0.1
667,1,1,24 966,25.1
667,8,2,17 786,17.8
667,10,3,15 907,16
667,2,4,9 195,9.2
667,12,5,4 783,4.8
667,7,6,4 635,4.7
667,3,7,4 487,4.5
667,4,8,3 897,3.9
667,9,9,3 791,3.8
667,6,10,2 642,2.7
667,5,11,2 241,2.2
667,19,12,1 049,1.1
667,20,13,971,1
667,17,14,956,1
667,13,15,652,0.7
667,14,16,572,0.6
667,11,17,571,0.6
667,18,18,272,0.3
667,16,19,204,0.2
667,15,20,80,0.1
668,1,1,25 631,49.4
668,8,2,4 582,8.8
668,10,3,3 876,7.5
668,2,4,3 828,7.4
668,7,5,3 388,6.5
668,5,6,1 888,3.6
668,4,7,1 525,2.9
668,3,8,1 273,2.5
668,20,9,1 130,2.2
668,16,10,1 121,2.2
668,9,11,910,1.8
668,6,12,833,1.6
668,17,13,615,1.2
668,19,14,458,0.9
668,11,15,339,0.7
668,12,16,311,0.6
668,14,17,115,0.2
668,13,18,48,0.1
668,18,19,46,0.1
668,15,20,11,0
669,1,1,21 689,45.6
669,10,2,5 851,12.3
669,8,3,4 596,9.7
669,7,4,2 712,5.7
669,3,5,2 702,5.7
669,4,6,2 643,5.6
669,2,7,1 976,4.2
669,9,8,1 327,2.8
669,5,9,1 287,2.7
669,12,10,582,1.2
669,6,11,580,1.2
669,19,12,558,1.2
669,17,13,496,1
669,20,14,262,0.6
669,11,15,115,0.2
669,18,16,89,0.2
669,16,17,38,0.1
669,14,18,34,0.1
669,13,19,15,0
670,10,1,4 431,22.5
670,1,2,4 034,20.5
670,4,3,1 908,9.7
670,8,4,1 526,7.8
670,2,5,1 454,7.4
670,7,6,1 317,6.7
670,5,7,1 132,5.7
670,3,8,956,4.9
670,17,9,701,3.6
670,12,10,689,3.5
670,19,11,347,1.8
670,20,12,272,1.4
670,11,13,194,1
670,18,14,185,0.9
670,16,15,172,0.9
670,6,16,110,0.6
670,9,17,87,0.4
670,15,18,85,0.4
670,14,19,66,0.3
670,13,20,26,0.1
671,1,1,9 148,59.4
671,10,2,1 439,9.3
671,7,3,980,6.4
671,2,4,728,4.7
671,8,5,726,4.7
671,3,6,591,3.8
671,4,7,405,2.6
671,5,8,400,2.6
671,20,9,311,2
671,12,10,247,1.6
671,6,11,191,1.2
671,14,12,74,0.5
671,19,13,47,0.3
671,15,14,38,0.2
671,11,15,36,0.2
671,9,16,17,0.1
671,13,17,15,0.1
671,18,18,10,0.1
672,10,1,12 246,27.4
672,1,2,9 571,21.4
672,8,3,7 267,16.3
672,4,4,2 479,5.5
672,7,5,2 270,5.1
672,9,6,2 083,4.7
672,12,7,1 412,3.2
672,17,8,1 327,3
672,5,9,1 297,2.9
672,3,10,1 278,2.9
672,2,11,1 056,2.4
672,20,12,483,1.1
672,13,13,395,0.9
672,11,14,361,0.8
672,18,15,344,0.8
672,14,16,304,0.7
672,19,17,279,0.6
672,16,18,100,0.2
672,6,19,82,0.2
672,15,20,46,0.1
673,10,1,3 301,22.1
673,1,2,3 294,22.1
673,8,3,1 264,8.5
673,12,4,1 236,8.3
673,4,5,985,6.6
673,2,6,972,6.5
673,7,7,729,4.9
673,19,8,586,3.9
673,3,9,561,3.8
673,5,10,495,3.3
673,14,11,391,2.6
673,15,12,224,1.5
673,11,13,191,1.3
673,17,14,159,1.1
673,13,15,142,1
673,9,16,132,0.9
673,20,17,126,0.8
673,6,18,96,0.6
673,16,19,23,0.2
674,1,1,7 377,27.2
674,10,2,6 699,24.7
674,8,3,1 921,7.1
674,3,4,1 794,6.6
674,7,5,1 778,6.6
674,12,6,1 426,5.3
674,5,7,1 191,4.4
674,2,8,1 034,3.8
674,9,9,732,2.7
674,11,10,555,2
674,17,11,525,1.9
674,4,12,497,1.8
674,20,13,350,1.3
674,14,14,302,1.1
674,18,15,252,0.9
674,6,16,228,0.8
674,19,17,208,0.8
674,13,18,121,0.4
674,15,19,88,0.3
674,16,20,56,0.2
675,1,1,6 680,43.3
675,3,2,1 926,12.5
675,10,3,1 823,11.8
675,7,4,1 121,7.3
675,19,5,727,4.7
675,4,6,725,4.7
675,5,7,723,4.7
675,12,8,400,2.6
675,2,9,331,2.1
675,20,10,231,1.5
675,11,11,191,1.2
675,8,12,181,1.2
675,18,13,120,0.8
675,6,14,85,0.6
675,15,15,77,0.5
675,9,16,30,0.2
675,14,17,27,0.2
675,17,18,15,0.1
676,7,1,7 513,14.4
676,4,2,7 220,13.8
676,8,3,6 160,11.8
676,2,4,5 955,11.4
676,10,5,5 270,10.1
676,12,6,3 151,6
676,5,7,2 853,5.5
676,19,8,2 356,4.5
676,1,9,2 304,4.4
676,3,10,2 122,4.1
676,20,11,2 002,3.8
676,13,12,1 189,2.3
676,6,13,928,1.8
676,9,14,721,1.4
676,17,15,588,1.1
676,15,16,488,0.9
676,14,17,472,0.9
676,11,18,418,0.8
676,16,19,246,0.5
676,18,20,176,0.3
677,10,1,19 458,15.9
677,4,2,18 540,15.2
677,12,3,11 486,9.4
677,8,4,10 413,8.5
677,1,5,10 038,8.2
677,7,6,9 805,8
677,2,7,7 952,6.5
677,19,8,7 467,6.1
677,5,9,4 553,3.7
677,20,10,3 839,3.1
677,9,11,3 804,3.1
677,15,12,3 722,3
677,6,13,3 576,2.9
677,3,14,3 406,2.8
677,13,15,1 147,0.9
677,11,16,1 059,0.9
677,17,17,808,0.7
677,14,18,472,0.4
677,16,19,424,0.3
677,18,20,196,0.2
678,1,1,4 199,19.2
678,2,2,2 818,12.9
678,10,3,2 727,12.5
678,6,4,2 603,11.9
678,5,5,2 572,11.8
678,7,6,1 359,6.2
678,8,7,1 189,5.4
678,3,8,878,4
678,12,9,788,3.6
678,19,10,581,2.7
678,9,11,566,2.6
678,4,12,439,2
678,20,13,301,1.4
678,15,14,299,1.4
678,11,15,190,0.9
678,17,16,136,0.6
678,13,17,65,0.3
678,16,18,49,0.2
678,18,19,40,0.2
678,14,20,30,0.1
760,8,1,59 407,24.6
760,10,2,33 262,13.8
760,4,3,25 352,10.5
760,7,4,19 100,7.9
760,12,5,14 388,6
760,3,6,13 347,5.5
760,5,7,10 201,4.2
760,9,8,9 832,4.1
760,1,9,9 626,4
760,2,10,9 225,3.8
760,6,11,7 572,3.1
760,19,12,6 842,2.8
760,13,13,6 626,2.7
760,17,14,3 451,1.4
760,20,15,3 438,1.4
760,15,16,3 118,1.3
760,14,17,2 699,1.1
760,11,18,2 233,0.9
760,16,19,1 478,0.6
760,18,20,580,0.2
761,10,1,4 294,14.4
761,12,2,3 764,12.7
761,7,3,3 493,11.7
761,8,4,3 272,11
761,3,5,2 631,8.8
761,4,6,2 285,7.7
761,2,7,2 029,6.8
761,1,8,1 052,3.5
761,5,9,1 048,3.5
761,9,10,1 034,3.5
761,20,11,1 018,3.4
761,19,12,847,2.8
761,14,13,739,2.5
761,13,14,606,2
761,18,15,449,1.5
761,17,16,321,1.1
761,11,17,266,0.9
761,16,18,236,0.8
761,15,19,192,0.6
761,6,20,167,0.6
762,4,1,8 899,25.6
762,10,2,6 263,18
762,8,3,2 919,8.4
762,2,4,2 512,7.2
762,7,5,2 502,7.2
762,3,6,1 884,5.4
762,20,7,1 280,3.7
762,9,8,1 204,3.5
762,19,9,1 187,3.4
762,12,10,1 183,3.4
762,1,11,1 137,3.3
762,13,12,1 082,3.1
762,5,13,614,1.8
762,6,14,498,1.4
762,14,15,421,1.2
762,16,16,307,0.9
762,11,17,306,0.9
762,15,18,252,0.7
762,17,19,222,0.6
762,18,20,71,0.2
763,4,1,30 854,24.3
763,10,2,17 046,13.4
763,3,3,12 257,9.6
763,7,4,10 151,8
763,12,5,8 999,7.1
763,2,6,8 428,6.6
763,1,7,8 175,6.4
763,13,8,6 829,5.4
763,5,9,5 940,4.7
763,19,10,4 402,3.5
763,20,11,3 168,2.5
763,8,12,2 744,2.2
763,9,13,2 112,1.7
763,14,14,1 493,1.2
763,16,15,1 065,0.8
763,6,16,974,0.8
763,15,17,778,0.6
763,11,18,682,0.5
763,17,19,589,0.5
763,18,20,452,0.4
764,4,1,12 246,23.1
764,2,2,6 383,12.1
764,10,3,5 508,10.4
764,8,4,5 189,9.8
764,3,5,4 299,8.1
764,12,6,3 651,6.9
764,7,7,3 547,6.7
764,13,8,2 472,4.7
764,1,9,2 275,4.3
764,14,10,1 198,2.3
764,9,11,1 144,2.2
764,19,12,1 109,2.1
764,5,13,1 096,2.1
764,20,14,712,1.3
764,6,15,657,1.2
764,11,16,496,0.9
764,15,17,332,0.6
764,17,18,274,0.5
764,16,19,220,0.4
764,18,20,153,0.3
765,10,1,8 141,20.3
765,4,2,6 510,16.2
765,3,3,5 646,14.1
765,12,4,4 051,10.1
765,7,5,3 974,9.9
765,1,6,1 875,4.7
765,19,7,1 746,4.4
765,5,8,1 559,3.9
765,20,9,1 050,2.6
765,2,10,1 004,2.5
765,13,11,773,1.9
765,9,12,757,1.9
765,8,13,613,1.5
765,15,14,604,1.5
765,17,15,596,1.5
765,14,16,313,0.8
765,16,17,265,0.7
765,11,18,252,0.6
765,6,19,248,0.6
765,18,20,108,0.3
766,4,1,11 698,17.5
766,1,2,8 758,13.1
766,10,3,8 228,12.3
766,3,4,6 318,9.5
766,2,5,5 605,8.4
766,7,6,5 045,7.6
766,12,7,3 437,5.1
766,8,8,2 942,4.4
766,6,9,2 737,4.1
766,5,10,2 729,4.1
766,20,11,2 306,3.5
766,9,12,1 874,2.8
766,19,13,1 312,2
766,15,14,690,1
766,11,15,683,1
766,17,16,644,1
766,16,17,619,0.9
766,13,18,520,0.8
766,18,19,467,0.7
766,14,20,202,0.3
797,4,1,209 513,18
797,10,2,158 842,13.6
797,7,3,105 488,9
797,12,4,102 599,8.8
797,3,5,98 382,8.4
797,8,6,88 212,7.6
797,2,7,88 137,7.6
797,1,8,64 223,5.5
797,5,9,53 612,4.6
797,13,10,48 576,4.2
797,19,11,38 616,3.3
797,20,12,21 725,1.9
797,9,13,20 385,1.7
797,14,14,15 633,1.3
797,6,15,13 415,1.2
797,17,16,8 854,0.8
797,15,17,8 724,0.7
797,11,18,8 478,0.7
797,16,19,7 774,0.7
797,18,20,4 556,0.4
798,10,1,253 711,14.7
798,4,2,224 316,13
798,12,3,192 091,11.2
798,3,4,164 646,9.6
798,7,5,152 463,8.9
798,6,6,125 342,7.3
798,8,7,108 164,6.3
798,5,8,87 567,5.1
798,13,9,82 853,4.8
798,1,10,73 428,4.3
798,2,11,58 427,3.4
798,19,12,56 773,3.3
798,20,13,33 242,1.9
798,9,14,25 522,1.5
798,14,15,17 571,1
798,17,16,17 214,1
798,15,17,14 245,0.8
798,16,18,13 203,0.8
798,11,19,12 330,0.7
798,18,20,8 388,0.5
799,4,1,191 808,19.6
799,2,2,99 833,10.2
799,10,3,92 773,9.5
799,8,4,91 334,9.3
799,1,5,80 628,8.3
799,3,6,70 397,7.2
799,12,7,68 396,7
799,7,8,67 769,6.9
799,19,9,40 543,4.2
799,5,10,39 309,4
799,13,11,38 824,4
799,20,12,24 546,2.5
799,9,13,21 783,2.2
799,6,14,10 293,1.1
799,17,15,8 243,0.8
799,14,16,7 450,0.8
799,16,17,6 838,0.7
799,11,18,6 635,0.7
799,18,19,5 240,0.5
799,15,20,4 248,0.4
860,1,1,23 221,45
860,10,2,6 152,11.9
860,8,3,5 562,10.8
860,7,4,4 499,8.7
860,2,5,2 748,5.3
860,4,6,2 014,3.9
860,5,7,1 394,2.7
860,3,8,1 266,2.5
860,12,9,1 016,2
860,9,10,701,1.4
860,19,11,622,1.2
860,20,12,546,1.1
860,6,13,395,0.8
860,15,14,371,0.7
860,17,15,222,0.4
860,14,16,197,0.4
860,11,17,194,0.4
860,16,18,184,0.4
860,18,19,142,0.3
860,13,20,137,0.3
861,8,1,9 647,19.9
861,1,2,8 722,18
861,3,3,5 925,12.2
861,10,4,5 437,11.2
861,7,5,4 429,9.1
861,4,6,4 043,8.3
861,2,7,2 501,5.2
861,5,8,1 812,3.7
861,12,9,1 189,2.5
861,9,10,948,2
861,20,11,923,1.9
861,19,12,690,1.4
861,6,13,645,1.3
861,13,14,298,0.6
861,16,15,284,0.6
861,18,16,279,0.6
861,11,17,270,0.6
861,14,18,200,0.4
861,15,19,163,0.3
861,17,20,127,0.3
862,1,1,7 226,16.1
862,8,2,6 665,14.9
862,10,3,6 378,14.2
862,4,4,5 812,13
862,7,5,5 075,11.3
862,3,6,4 517,10.1
862,5,7,3 410,7.6
862,2,8,1 671,3.7
862,20,9,1 201,2.7
862,12,10,1 079,2.4
862,17,11,570,1.3
862,9,12,288,0.6
862,11,13,219,0.5
862,18,14,170,0.4
862,19,15,169,0.4
862,14,16,145,0.3
862,6,17,105,0.2
862,13,18,54,0.1
862,15,19,41,0.1
863,10,1,7 359,35.6
863,8,2,2 783,13.5
863,7,3,2 218,10.7
863,4,4,1 189,5.8
863,3,5,999,4.8
863,2,6,926,4.5
863,1,7,835,4
863,5,8,784,3.8
863,9,9,624,3
863,12,10,528,2.6
863,11,11,448,2.2
863,6,12,400,1.9
863,14,13,348,1.7
863,19,14,286,1.4
863,13,15,261,1.3
863,20,16,213,1
863,18,17,134,0.7
863,17,18,125,0.6
863,15,19,98,0.5
863,16,20,88,0.4
864,8,1,7 158,19.8
864,1,2,6 919,19.2
864,10,3,4 887,13.5
864,7,4,4 857,13.5
864,3,5,3 158,8.8
864,5,6,1 596,4.4
864,4,7,1 302,3.6
864,19,8,1 112,3.1
864,9,9,999,2.8
864,12,10,820,2.3
864,6,11,690,1.9
864,2,12,630,1.7
864,13,13,410,1.1
864,20,14,384,1.1
864,14,15,340,0.9
864,17,16,230,0.6
864,18,17,190,0.5
864,11,18,177,0.5
864,16,19,150,0.4
864,15,20,60,0.2
865,10,1,3 542,25.8
865,8,2,1 824,13.3
865,1,3,1 282,9.3
865,5,4,1 274,9.3
865,7,5,1 201,8.7
865,3,6,831,6.1
865,6,7,570,4.2
865,4,8,559,4.1
865,13,9,446,3.2
865,20,10,394,2.9
865,9,11,390,2.8
865,19,12,304,2.2
865,11,13,293,2.1
865,2,14,234,1.7
865,17,15,173,1.3
865,16,16,152,1.1
865,14,17,105,0.8
865,12,18,104,0.8
865,18,19,37,0.3
865,15,20,10,0.1
866,2,1,24 134,23.1
866,10,2,13 062,12.5
866,4,3,11 720,11.2
866,5,4,10 513,10.1
866,8,5,9 198,8.8
866,3,6,8 194,7.8
866,7,7,7 210,6.9
866,13,8,4 356,4.2
866,6,9,3 755,3.6
866,19,10,2 617,2.5
866,9,11,2 607,2.5
866,12,12,2 015,1.9
866,1,13,1 891,1.8
866,20,14,1 266,1.2
866,18,15,507,0.5
866,15,16,419,0.4
866,17,17,346,0.3
866,14,18,248,0.2
866,11,19,219,0.2
866,16,20,200,0.2
867,10,1,3 455,15.8
867,8,2,3 020,13.9
867,7,3,2 351,10.8
867,13,4,2 152,9.9
867,1,5,1 977,9.1
867,4,6,1 707,7.8
867,2,7,1 249,5.7
867,5,8,1 245,5.7
867,3,9,831,3.8
867,20,10,782,3.6
867,14,11,659,3
867,6,12,622,2.9
867,12,13,525,2.4
867,19,14,438,2
867,11,15,428,2
867,17,16,156,0.7
867,16,17,82,0.4
867,18,18,73,0.3
867,9,19,34,0.2
867,15,20,13,0.1
868,1,1,34 379,23.6
868,3,2,21 676,14.9
868,8,3,16 262,11.1
868,10,4,14 492,9.9
868,4,5,12 828,8.8
868,2,6,9 844,6.7
868,7,7,8 646,5.9
868,5,8,6 782,4.6
868,6,9,4 148,2.8
868,19,10,3 902,2.7
868,13,11,3 788,2.6
868,12,12,3 720,2.5
868,20,13,2 030,1.4
868,9,14,1 298,0.9
868,17,15,716,0.5
868,11,16,423,0.3
868,14,17,300,0.2
868,16,18,264,0.2
868,18,19,231,0.2
868,15,20,230,0.2
869,10,1,13 974,18.7
869,4,2,10 749,14.4
869,3,3,6 971,9.3
869,7,4,6 840,9.2
869,12,5,6 073,8.1
869,5,6,5 168,6.9
869,13,7,4 558,6.1
869,8,8,3 933,5.3
869,2,9,3 741,5
869,1,10,2 717,3.6
869,19,11,2 589,3.5
869,20,12,1 926,2.6
869,9,13,1 685,2.3
869,6,14,863,1.2
869,14,15,805,1.1
869,17,16,798,1.1
869,11,17,570,0.8
869,16,18,255,0.3
869,18,19,213,0.3
869,15,20,132,0.2
870,1,1,5 596,43.1
870,10,2,1 655,12.7
870,7,3,1 146,8.8
870,3,4,983,7.6
870,8,5,895,6.9
870,4,6,424,3.3
870,20,7,410,3.2
870,19,8,387,3
870,6,9,326,2.5
870,5,10,286,2.2
870,2,11,199,1.5
870,17,12,130,1
870,18,13,120,0.9
870,16,14,120,0.9
870,9,15,117,0.9
870,11,16,75,0.6
870,12,17,64,0.5
870,14,18,61,0.5
871,1,1,38 416,47.8
871,10,2,9 607,11.9
871,8,3,9 387,11.7
871,2,4,4 245,5.3
871,9,5,3 452,4.3
871,7,6,2 009,2.5
871,5,7,1 882,2.3
871,12,8,1 724,2.1
871,3,9,1 451,1.8
871,13,10,1 351,1.7
871,19,11,1 186,1.5
871,6,12,1 185,1.5
871,4,13,1 137,1.4
871,17,14,1 072,1.3
871,16,15,625,0.8
871,11,16,595,0.7
871,20,17,590,0.7
871,18,18,246,0.3
871,15,19,151,0.2
871,14,20,141,0.2
872,1,1,27 650,45
872,10,2,9 004,14.7
872,8,3,7 143,11.6
872,4,4,2 396,3.9
872,2,5,2 266,3.7
872,5,6,2 111,3.4
872,12,7,1 926,3.1
872,7,8,1 823,3
872,9,9,1 728,2.8
872,3,10,1 202,2
872,17,11,964,1.6
872,6,12,932,1.5
872,19,13,670,1.1
872,20,14,472,0.8
872,13,15,447,0.7
872,11,16,249,0.4
872,18,17,185,0.3
872,14,18,146,0.2
872,16,19,106,0.2
872,15,20,30,0
873,8,1,5 853,17.5
873,19,2,5 464,16.3
873,10,3,4 572,13.6
873,1,4,3 945,11.8
873,7,5,3 624,10.8
873,4,6,3 476,10.4
873,3,7,2 062,6.1
873,20,8,745,2.2
873,5,9,725,2.2
873,2,10,690,2.1
873,9,11,647,1.9
873,11,12,356,1.1
873,17,13,309,0.9
873,6,14,271,0.8
873,16,15,231,0.7
873,12,16,217,0.6
873,18,17,181,0.5
873,13,18,137,0.4
873,14,19,34,0.1
874,1,1,83 886,48.1
874,10,2,18 322,10.5
874,8,3,15 533,8.9
874,4,4,9 693,5.6
874,2,5,9 284,5.3
874,12,6,6 383,3.7
874,3,7,5 844,3.4
874,5,8,4 996,2.9
874,9,9,4 710,2.7
874,7,10,3 415,2
874,19,11,2 916,1.7
874,6,12,1 873,1.1
874,17,13,1 625,0.9
874,11,14,1 482,0.9
874,16,15,1 169,0.7
874,20,16,1 031,0.6
874,18,17,798,0.5
874,14,18,564,0.3
874,13,19,531,0.3
874,15,20,179,0.1
875,1,1,6 134,29.4
875,4,2,3 908,18.7
875,7,3,1 737,8.3
875,10,4,1 624,7.8
875,5,5,1 543,7.4
875,3,6,1 482,7.1
875,8,7,1 185,5.7
875,2,8,905,4.3
875,12,9,823,3.9
875,20,10,387,1.9
875,19,11,304,1.5
875,17,12,174,0.8
875,15,13,159,0.8
875,9,14,127,0.6
875,13,15,103,0.5
875,6,16,77,0.4
875,18,17,72,0.3
875,14,18,65,0.3
875,11,19,29,0.1
875,16,20,17,0.1
876,1,1,49 849,50
876,10,2,12 327,12.4
876,8,3,8 502,8.5
876,2,4,5 745,5.8
876,12,5,3 194,3.2
876,3,6,3 190,3.2
876,4,7,2 979,3
876,5,8,2 897,2.9
876,7,9,2 804,2.8
876,17,10,2 159,2.2
876,19,11,1 658,1.7
876,6,12,1 094,1.1
876,11,13,1 076,1.1
876,9,14,679,0.7
876,14,15,528,0.5
876,20,16,417,0.4
876,18,17,328,0.3
876,16,18,160,0.2
876,15,19,81,0.1
876,13,20,46,0
877,1,1,55 843,41.7
877,10,2,20 068,15
877,8,3,20 056,15
877,2,4,8 787,6.6
877,4,5,6 799,5.1
877,7,6,4 278,3.2
877,5,7,3 184,2.4
877,9,8,2 650,2
877,3,9,2 330,1.7
877,17,10,2 305,1.7
877,19,11,1 814,1.4
877,12,12,1 584,1.2
877,11,13,1 202,0.9
877,6,14,939,0.7
877,20,15,885,0.7
877,16,16,476,0.4
877,14,17,316,0.2
877,18,18,237,0.2
877,13,19,126,0.1
877,15,20,83,0.1
960,1,1,29 426,43.2
960,10,2,12 832,18.8
960,8,3,4 985,7.3
960,2,4,4 094,6
960,4,5,3 137,4.6
960,7,6,2 464,3.6
960,17,7,2 227,3.3
960,3,8,1 907,2.8
960,12,9,1 241,1.8
960,6,10,1 206,1.8
960,5,11,1 022,1.5
960,11,12,948,1.4
960,9,13,896,1.3
960,19,14,513,0.8
960,14,15,448,0.7
960,20,16,288,0.4
960,18,17,188,0.3
960,13,18,143,0.2
960,16,19,97,0.1
960,15,20,32,0
961,1,1,29 740,46.9
961,8,2,7 064,11.1
961,10,3,6 410,10.1
961,2,4,4 904,7.7
961,4,5,2 491,3.9
961,5,6,1 993,3.1
961,7,7,1 929,3
961,12,8,1 840,2.9
961,17,9,1 608,2.5
961,3,10,1 471,2.3
961,9,11,1 426,2.3
961,6,12,656,1
961,11,13,450,0.7
961,16,14,400,0.6
961,18,15,292,0.5
961,19,16,244,0.4
961,20,17,213,0.3
961,14,18,180,0.3
961,13,19,54,0.1
961,15,20,14,0
962,1,1,54 806,46.1
962,8,2,15 135,12.7
962,10,3,13 777,11.6
962,2,4,6 678,5.6
962,4,5,5 531,4.7
962,7,6,5 119,4.3
962,3,7,4 021,3.4
962,20,8,2 770,2.3
962,12,9,2 296,1.9
962,19,10,2 206,1.9
962,5,11,1 883,1.6
962,9,12,1 218,1
962,17,13,805,0.7
962,15,14,658,0.6
962,11,15,514,0.4
962,6,16,505,0.4
962,14,17,406,0.3
962,18,18,254,0.2
962,16,19,235,0.2
962,13,20,35,0
963,1,1,18 747,39.2
963,10,2,9 555,20
963,8,3,4 722,9.9
963,2,4,4 144,8.7
963,4,5,3 370,7
963,5,6,1 396,2.9
963,7,7,1 059,2.2
963,9,8,805,1.7
963,11,9,783,1.6
963,3,10,679,1.4
963,12,11,604,1.3
963,19,12,595,1.2
963,16,13,354,0.7
963,6,14,318,0.7
963,17,15,191,0.4
963,20,16,168,0.4
963,14,17,135,0.3
963,18,18,82,0.2
963,13,19,64,0.1
963,15,20,42,0.1
964,1,1,9 203,32.5
964,10,2,4 641,16.4
964,2,3,4 474,15.8
964,8,4,2 620,9.2
964,4,5,1 418,5
964,7,6,1 003,3.5
964,5,7,928,3.3
964,3,8,793,2.8
964,9,9,566,2
964,12,10,548,1.9
964,19,11,438,1.5
964,11,12,430,1.5
964,17,13,406,1.4
964,20,14,241,0.9
964,14,15,238,0.8
964,6,16,184,0.6
964,18,17,102,0.4
964,16,18,100,0.4
964,13,19,17,0.1
965,1,1,11 878,44.2
965,8,2,4 998,18.6
965,10,3,4 057,15.1
965,7,4,1 873,7
965,2,5,1 017,3.8
965,4,6,989,3.7
965,3,7,737,2.7
965,5,8,390,1.5
965,11,9,263,1
965,9,10,230,0.9
965,19,11,154,0.6
965,17,12,100,0.4
965,20,13,52,0.2
965,18,14,43,0.2
965,16,15,29,0.1
965,12,16,19,0.1
965,14,17,12,0
965,13,18,12,0
965,6,19,11,0
966,1,1,77 203,46.2
966,8,2,28 935,17.3
966,10,3,21 425,12.8
966,2,4,7 722,4.6
966,4,5,5 611,3.4
966,3,6,4 140,2.5
966,7,7,4 051,2.4
966,5,8,3 588,2.1
966,12,9,3 037,1.8
966,19,10,2 157,1.3
966,9,11,2 006,1.2
966,6,12,1 358,0.8
966,20,13,1 335,0.8
966,11,14,1 128,0.7
966,17,15,935,0.6
966,16,16,914,0.5
966,14,17,638,0.4
966,18,18,513,0.3
966,15,19,235,0.1
966,13,20,110,0.1
967,4,1,6 755,24.5
967,2,2,3 282,11.9
967,7,3,3 232,11.7
967,10,4,3 193,11.6
967,8,5,2 391,8.7
967,5,6,1 965,7.1
967,1,7,1 407,5.1
967,3,8,1 045,3.8
967,6,9,817,3
967,19,10,618,2.2
967,12,11,561,2
967,20,12,454,1.6
967,9,13,416,1.5
967,11,14,339,1.2
967,18,15,332,1.2
967,17,16,305,1.1
967,16,17,157,0.6
967,14,18,136,0.5
967,13,19,67,0.2
967,15,20,64,0.2
968,1,1,88 661,60.8
968,8,2,13 184,9
968,10,3,9 479,6.5
968,2,4,9 334,6.4
968,4,5,6 303,4.3
968,3,6,3 853,2.6
968,7,7,3 062,2.1
968,5,8,2 539,1.7
968,12,9,2 259,1.6
968,6,10,1 246,0.9
968,19,11,1 167,0.8
968,17,12,1 116,0.8
968,11,13,836,0.6
968,20,14,652,0.4
968,9,15,621,0.4
968,18,16,516,0.4
968,16,17,405,0.3
968,14,18,364,0.2
968,13,19,110,0.1
968,15,20,21,0
969,1,1,17 024,42.6
969,8,2,9 704,24.3
969,10,3,4 408,11
969,5,4,2 008,5
969,2,5,1 646,4.1
969,7,6,977,2.4
969,3,7,915,2.3
969,4,8,750,1.9
969,6,9,546,1.4
969,9,10,522,1.3
969,17,11,319,0.8
969,11,12,291,0.7
969,12,13,260,0.7
969,18,14,205,0.5
969,13,15,117,0.3
969,20,16,96,0.2
969,14,17,91,0.2
969,19,18,46,0.1
969,16,19,29,0.1
969,15,20,2,0
970,1,1,11 001,35.3
970,8,2,9 115,29.2
970,10,3,4 109,13.2
970,5,4,2 015,6.5
970,2,5,716,2.3
970,17,6,615,2
970,7,7,589,1.9
970,3,8,492,1.6
970,4,9,483,1.5
970,9,10,464,1.5
970,6,11,457,1.5
970,18,12,279,0.9
970,11,13,257,0.8
970,12,14,124,0.4
970,16,15,111,0.4
970,19,16,106,0.3
970,20,17,104,0.3
970,14,18,97,0.3
970,13,19,40,0.1
970,15,20,12,0
973,1,1,10 683,38.4
973,8,2,3 746,13.5
973,2,3,3 072,11
973,10,4,2 663,9.6
973,4,5,2 020,7.3
973,5,6,996,3.6
973,9,7,990,3.6
973,12,8,704,2.5
973,3,9,589,2.1
973,18,10,535,1.9
973,17,11,386,1.4
973,7,12,295,1.1
973,11,13,279,1
973,6,14,226,0.8
973,16,15,224,0.8
973,19,16,189,0.7
973,20,17,170,0.6
973,13,18,44,0.2
973,14,19,26,0.1
974,1,1,63 268,31.1
974,2,2,27 712,13.6
974,10,3,26 248,12.9
974,8,4,23 020,11.3
974,4,5,15 808,7.8
974,12,6,8 296,4.1
974,3,7,7 509,3.7
974,5,8,6 316,3.1
974,11,9,3 998,2
974,7,10,3 736,1.8
974,9,11,3 398,1.7
974,19,12,2 471,1.2
974,17,13,2 362,1.2
974,6,14,1 642,0.8
974,16,15,1 560,0.8
974,13,16,1 429,0.7
974,20,17,1 402,0.7
974,15,18,1 115,0.5
974,18,19,1 102,0.5
974,14,20,867,0.4
976,1,1,33 746,56.1
976,8,2,8 893,14.8
976,10,3,4 625,7.7
976,2,4,2 606,4.3
976,4,5,2 228,3.7
976,9,6,1 921,3.2
976,5,7,1 497,2.5
976,3,8,1 300,2.2
976,7,9,944,1.6
976,19,10,450,0.7
976,17,11,404,0.7
976,12,12,333,0.6
976,11,13,316,0.5
976,20,14,314,0.5
976,6,15,245,0.4
976,16,16,105,0.2
976,13,17,95,0.2
976,18,18,93,0.2
976,14,19,40,0.1
976,15,20,14,0
977,1,1,10 018,30.6
977,3,2,5 818,17.8
977,2,3,4 254,13
977,8,4,3 836,11.7
977,10,5,2 041,6.2
977,5,6,1 339,4.1
977,19,7,1 217,3.7
977,6,8,1 214,3.7
977,4,9,800,2.4
977,20,10,620,1.9
977,12,11,421,1.3
977,7,12,295,0.9
977,18,13,255,0.8
977,11,14,202,0.6
977,17,15,163,0.5
977,9,16,122,0.4
977,14,17,73,0.2
977,16,18,47,0.1
978,1,1,9 022,24.6
978,10,2,5 443,14.9
978,8,3,3 541,9.7
978,4,4,2 914,8
978,3,5,2 628,7.2
978,5,6,2 615,7.1
978,7,7,2 242,6.1
978,2,8,2 057,5.6
978,14,9,1 355,3.7
978,12,10,954,2.6
978,19,11,824,2.3
978,17,12,718,2
978,20,13,653,1.8
978,6,14,365,1
978,18,15,288,0.8
978,11,16,284,0.8
978,13,17,281,0.8
978,9,18,216,0.6
978,16,19,190,0.5
978,15,20,21,0.1
979,1,1,4 395,46.2
979,2,2,1 783,18.7
979,3,3,530,5.6
979,5,4,484,5.1
979,8,5,416,4.4
979,10,6,401,4.2
979,7,7,343,3.6
979,4,8,331,3.5
979,19,9,328,3.5
979,12,10,184,1.9
979,20,11,83,0.9
979,11,12,66,0.7
979,9,13,42,0.4
979,15,14,34,0.4
979,17,15,32,0.3
979,13,16,27,0.3
979,6,17,21,0.2
979,14,18,16,0.2
980,1,1,12 931,72.4
980,3,2,990,5.5
980,10,3,825,4.6
980,4,4,512,2.9
980,7,5,488,2.7
980,19,6,403,2.3
980,8,7,378,2.1
980,2,8,356,2
980,17,9,230,1.3
980,20,10,179,1
980,5,11,178,1
980,11,12,76,0.4
980,6,13,66,0.4
980,14,14,66,0.4
980,12,15,53,0.3
980,18,16,50,0.3
980,13,17,48,0.3
980,9,18,24,0.1
980,16,19,11,0.1
981,4,1,3 147,17.3
981,8,2,2 474,13.6
981,1,3,1 999,11
981,2,4,1 700,9.3
981,3,5,1 533,8.4
981,10,6,1 261,6.9
981,12,7,1 122,6.2
981,7,8,1 042,5.7
981,19,9,934,5.1
981,5,10,593,3.3
981,13,11,515,2.8
981,6,12,475,2.6
981,9,13,435,2.4
981,20,14,276,1.5
981,14,15,219,1.2
981,11,16,141,0.8
981,17,17,125,0.7
981,18,18,123,0.7
981,16,19,63,0.3
982,1,1,37 412,47.1
982,8,2,9 282,11.7
982,10,3,8 464,10.7
982,2,4,5 761,7.3
982,3,5,3 377,4.3
982,19,6,2 937,3.7
982,4,7,2 028,2.6
982,5,8,2 025,2.6
982,9,9,1 672,2.1
982,7,10,1 317,1.7
982,6,11,962,1.2
982,20,12,871,1.1
982,12,13,789,1
982,17,14,777,1
982,11,15,680,0.9
982,13,16,458,0.6
982,16,17,258,0.3
982,14,18,160,0.2
982,18,19,141,0.2
982,15,20,14,0
983,1,1,21 714,64.7
983,10,2,3 133,9.3
983,8,3,2 151,6.4
983,2,4,1 150,3.4
983,7,5,1 113,3.3
983,5,6,854,2.5
983,9,7,693,2.1
983,4,8,456,1.4
983,3,9,439,1.3
983,12,10,351,1
983,17,11,327,1
983,19,12,259,0.8
983,6,13,254,0.8
983,11,14,184,0.5
983,20,15,132,0.4
983,18,16,130,0.4
983,16,17,97,0.3
983,14,18,79,0.2
983,13,19,37,0.1
983,15,20,32,0.1
984,1,1,32 013,48.9
984,8,2,7 019,10.7
984,10,3,6 918,10.6
984,2,4,4 138,6.3
984,4,5,2 204,3.4
984,19,6,2 202,3.4
984,9,7,1 963,3
984,7,8,1 784,2.7
984,3,9,1 630,2.5
984,5,10,1 406,2.1
984,11,11,1 011,1.5
984,17,12,992,1.5
984,12,13,806,1.2
984,13,14,361,0.6
984,6,15,270,0.4
984,16,16,185,0.3
984,20,17,179,0.3
984,15,18,172,0.3
984,18,19,141,0.2
984,14,20,81,0.1
985,1,1,33 070,51.2
985,8,2,8 738,13.5
985,10,3,6 396,9.9
985,2,4,4 319,6.7
985,5,5,3 262,5.1
985,3,6,2 054,3.2
985,7,7,1 289,2
985,4,8,1 210,1.9
985,17,9,829,1.3
985,12,10,827,1.3
985,9,11,819,1.3
985,11,12,342,0.5
985,6,13,334,0.5
985,19,14,274,0.4
985,13,15,238,0.4
985,20,16,137,0.2
985,18,17,135,0.2
985,16,18,96,0.1
985,15,19,94,0.1
985,14,20,76,0.1
986,1,1,11 800,52.1
986,8,2,3 813,16.8
986,10,3,3 056,13.5
986,2,4,930,4.1
986,5,5,810,3.6
986,4,6,415,1.8
986,7,7,412,1.8
986,3,8,392,1.7
986,20,9,228,1
986,11,10,219,1
986,12,11,161,0.7
986,19,12,132,0.6
986,9,13,65,0.3
986,16,14,59,0.3
986,18,15,41,0.2
986,6,16,35,0.2
986,14,17,27,0.1
986,17,18,23,0.1
986,13,19,13,0.1
987,1,1,43 818,43.6
987,8,2,14 899,14.8
987,10,3,8 929,8.9
987,3,4,7 939,7.9
987,2,5,5 594,5.6
987,5,6,3 736,3.7
987,7,7,2 814,2.8
987,17,8,2 196,2.2
987,4,9,1 895,1.9
987,20,10,1 818,1.8
987,11,11,1 616,1.6
987,19,12,1 525,1.5
987,9,13,1 133,1.1
987,12,14,1 095,1.1
987,6,15,490,0.5
987,18,16,349,0.3
987,14,17,309,0.3
987,16,18,208,0.2
987,15,19,130,0.1
987,13,20,73,0.1
