municipality,municipality.cat,municipality.name,municipality.mn_name_c,municipality.mn_mdb_c,municipality.category,municipality.dc,municipality.dc_mdb_c,municipality.dc_name,municipality.dc_name_c,municipality.pr,municipality.pr_mdb_c,municipality.pr_name,municipality.albers_are,municipality.shape_leng,municipality.shape_area,municipality.shape_lores_svg,municipality.sampi_progress_group
sampi_progress_group1,sampi_progress_group,"Headcount: ↘, Intensity: ↘",,,,,,,,,,,,,,,
sampi_progress_group2,sampi_progress_group,"Headcount: ↘, Intensity: ↗",,,,,,,,,,,,,,,
sampi_progress_group3,sampi_progress_group,"Headcount: ↗, Intensity: ↘",,,,,,,,,,,,,,,
sampi_progress_group4,sampi_progress_group,"Headcount: ↗, Intensity: ↗",,,,,,,,,,,,,,,
1,province,Western Cape,,,,,,,,,,,,,,<svg xmlns='http://www.w3.org/2000/svg' version='1.1' viewBox='0 0 800 617'><path id='1' d='M 83.6093 544.8383 83.5184 542.8467 81.0619 538.8479 78.3722 536.0995 74.7575 534.0314 73.605 532.2471 77.9677 529.537 74.3631 526.995 71.6009 529.6862 70.3816 526.1763 70.3221 520.9247 68.5295 518.9965 71.3198 517.3188 70.9187 514.6141 73.8537 513.5211 78.588 516.7229 83.7167 515.4875 89.4227 509.4099 91.9846 502.6333 91.1064 494.0665 92.4607 491.6045 90.9167 487.0951 90.803 481.2515 88.7274 475.5634 89.4541 473.799 87.2047 470.0463 86.6822 466.3455 83.1308 461.8206 80.6361 457.3858 71.0856 447.3419 69.967 443.7913 64.1735 437.6483 67.8908 438.8372 66.7736 434.7691 72.3421 430.8377 70.1112 426.6011 75.5824 426.3492 76.2162 420.1722 80.2176 420.009 84.0883 422.9492 86.2346 421.1024 88.6843 421.4842 93.8551 413.7962 93.8604 410.5241 95.9221 407.3877 99.3022 407.1242 100.1987 403.3701 103.4874 402.6841 107.6015 408.8101 112.6121 409.3508 114.4101 412.1117 114.3438 414.1833 117.6566 416.5814 121.9594 417.9195 122.3741 423.7994 118.2576 424.8144 123.5362 427.6606 120.0178 429.2651 119.6162 432.31 121.7514 435.756 121.5994 441.7832 122.6619 444.0684 124.9162 445.095 123.3253 447.496 126.3667 450.8742 125.2389 454.4727 128.4196 455.8137 127.4587 464.504 128.4608 468.7756 125.7605 470.6718 125.9598 472.7346 131.179 474.4729 133.948 474.1187 134.4817 476.215 143.4395 479.4643 149.2136 484.3133 148.0674 490.9587 144.0796 492.7856 145.1015 496.4496 148.303 501.7356 147.84 506.1258 149.8455 511.3483 153.5566 509.2273 154.3742 501.5321 159.6186 500.163 163.1245 497.8056 169.6462 497.0101 177.3619 490.8555 184.3234 489.5934 183.123 493.4193 180.5824 495.7379 179.0583 499.134 176.5264 497.9897 177.3547 503.0988 179.502 509.9191 181.9468 511.9548 181.748 515.1964 183.2687 516.7501 187.181 517.7296 191.059 522.4236 193.8918 524.2747 196.8287 524.3508 199.8252 521.412 201.3188 523.6164 208.0475 524.5141 211.3081 522.0796 212.9469 518.3299 211.0004 514.3418 213.5115 510.8251 219.2537 509.704 223.9717 510.4888 228.6499 509.2021 227.8337 507.3045 229.8643 503.376 234.0931 500.5472 235.7154 498.229 240.8146 496.5978 244.0679 494.7898 248.2372 493.9798 246.9889 489.8371 252.2419 488.8435 254.5194 490.7746 256.6599 488.6647 258.8241 490.8889 262.4282 492.0797 265.7904 491.4233 266.3517 489.53 269.2411 488.5659 270.234 484.2677 272.8041 482.6782 274.0341 478.7836 272.8898 475.7916 274.3466 473.8256 277.4993 473.5529 277.9967 470.0468 282.0232 462.3802 282.6435 458.9923 284.5484 458.5524 293.4254 462.7614 296.7668 463.1287 299.3916 465.3926 297.4209 469.3099 300.9622 470.0928 305.0056 469.013 307.0271 471.8001 310.9989 469.9291 313.0785 472.7138 316.6531 471.99 321.0831 473.439 320.367 475.8148 322.0619 477.3898 324.5697 476.3845 328.9687 472.7099 330.5688 467.9936 332.4548 465.659 337.5191 464.8669 338.2957 463.3331 341.8263 464.3287 352.4243 461.6326 354.4245 463.9905 358.8337 465.614 356.9419 467.2824 360.3341 470.6747 363.7224 467.7509 364.4201 464.5215 367.5864 465.66 369.6388 469.3865 373.5831 468.4912 371.3052 474.2195 374.1521 474.0049 376.9675 476.5832 373.0223 479.2996 371.5127 482.8158 372.7639 484.6979 371.0512 486.6775 364.3267 488.7374 360.9955 491.0837 356.4256 488.1342 350.2615 490.2465 349.2174 493.1702 350.0051 495.4089 339.545 494.3935 337.6527 497.5876 333.9368 495.7437 332.6924 497.9131 328.5458 499.3234 329.6509 503.5954 331.7643 505.4364 332.4011 510.3091 336.1416 518.7015 325.0487 515.878 322.1451 517.4491 322.5646 521.0594 318.1825 521.0182 315.3428 524.7582 314.6877 527.8104 315.6602 530.722 312.6101 534.0401 305.037 546.3028 307.3948 547.3095 314.6669 547.9689 324.3447 545.9574 332.1984 546.0068 334.993 548.5517 341.8026 548.6617 347.0464 551.2274 346.669 554.9151 350.4807 557.4997 350.261 559.7617 344.7012 559.7811 344.0113 561.0688 339.1085 561.9335 338.631 564.0831 340.4686 566.2981 342.881 565.239 349.5251 570.1694 349.1313 574.6701 345.0095 574.7466 339.708 575.8662 336.4126 577.6345 335.9917 580.3805 331.701 580.5515 324.1274 579.5215 319.875 579.7027 314.5251 579.0298 307.1838 576.9679 296.7102 575.4365 293.3286 577.7353 290.773 578.4785 283.8642 578.1049 277.104 579.7419 275.5325 581.1929 273.7636 585.7638 269.9388 585.8501 266.1605 587.5006 264.8005 592.3075 259.6602 594.1954 254.7419 594.7608 246.9739 592.8898 242.8317 593.4309 241.0435 595.0694 235.1203 596.7849 227.5535 594.2066 221.1117 593.3055 216.4136 593.6737 214.021 594.8984 213.7186 598.5086 203.9615 597.4234 198.4791 598.3948 193.3654 601.1291 192.3745 602.9211 185.1943 606.5478 183.9243 609.0345 180.5543 609.4163 176.5307 611.3062 172.1471 615.9987 166.4886 612.73 154.9582 612.2819 152.016 610.5102 149.2441 608.0714 146.0183 607.3394 144.6587 605.2596 140.0676 605.1865 142.6223 601.9779 141.5956 599.1447 137.6107 595.442 134.8576 596.8503 126.5646 592.2028 122.5749 593.2095 115.9235 593.8456 115.1861 590.0993 117.1631 587.16 115.5645 584.6035 117.9058 583.3996 115.2573 580.534 109.5131 579.1184 104.8092 579.3849 98.5992 580.9124 96.5341 584.2092 98.9059 586.7894 97.8313 591.9354 95.3627 590.6264 93.4584 584.557 91.3048 582.6938 93.1734 580.9725 90.9322 577.7222 95.9056 570.7794 98.4119 571.3665 99.548 568.4505 97.6644 565.0549 96.5394 559.9003 88.243 547.8531 83.6093 544.8383 Z'/></svg>,
2,province,Eastern Cape,,,,,,,,,,,,,,<svg xmlns='http://www.w3.org/2000/svg' version='1.1' viewBox='0 0 800 617'><path id='2' d='M 654.5652 420.989 654.5787 420.9992 655.2909 422.4415 660.9959 423.6114 663.5912 426.9465 663.4175 431.3914 665.8899 434.2227 659.8352 441.7997 648.5007 451.7598 644.8589 452.2025 638.3135 458.676 632.4087 462.4887 628.5569 463.7958 623.6285 469.5507 617.0289 476.3376 611.4018 483.042 605.5324 488.6473 602.4373 492.29 597.4049 495.6594 595.8706 497.7814 588.9464 503.0921 584.5018 507.9546 580.6205 509.408 577.8621 512.1811 572.7561 515.4987 568.3813 516.8251 561.412 524.4065 558.2482 525.9021 555.8551 528.6131 546.5804 533.0619 540.8048 537.7491 536.9762 539.5557 521.549 549.5846 518.2932 550.7812 516.7275 552.6294 508.2772 555.3744 504.9092 557.522 498.5618 558.956 493.2589 562.0154 485.6369 564.6461 476.819 564.0817 472.087 562.3599 463.7418 561.3483 455.5837 562.1797 448.6508 565.4735 445.6282 568.438 444.2266 573.1188 447.0754 574.8077 444.9833 578.0114 433.6992 577.1447 429.3737 575.2868 422.028 573.8228 418.3571 573.9172 411.5326 575.8934 410.7942 579.4445 406.9912 582.484 406.4697 585.9329 398.0891 584.0987 395.1904 584.7295 389.2072 583.4694 384.6432 580.6072 381.2098 580.5534 375.5741 578.8239 358.7805 576.9374 349.1313 574.6701 349.5251 570.1694 342.881 565.239 340.4686 566.2981 338.631 564.0831 339.1085 561.9335 344.0113 561.0688 344.7012 559.7811 350.261 559.7617 350.4807 557.4997 346.669 554.9151 347.0464 551.2274 341.8026 548.6617 334.993 548.5517 332.1984 546.0068 324.3447 545.9574 314.6669 547.9689 307.3948 547.3095 305.037 546.3028 312.6101 534.0401 315.6602 530.722 314.6877 527.8104 315.3428 524.7582 318.1825 521.0182 322.5646 521.0594 322.1451 517.4491 325.0487 515.878 336.1416 518.7015 332.4011 510.3091 331.7643 505.4364 329.6509 503.5954 328.5458 499.3234 332.6924 497.9131 333.9368 495.7437 337.6527 497.5876 339.545 494.3935 350.0051 495.4089 349.2174 493.1702 350.2615 490.2465 356.4256 488.1342 360.9955 491.0837 364.3267 488.7374 371.0512 486.6775 372.7639 484.6979 371.5127 482.8158 373.0223 479.2996 376.9675 476.5832 374.1521 474.0049 371.3052 474.2195 373.5831 468.4912 374.0248 466.1435 379.1855 467.4273 382.9468 464.8999 391.0821 464.4391 391.5093 459.5325 390.5876 457.8238 393.2458 453.6293 393.6494 450.5675 398.3813 448.8728 400.308 449.693 404.3659 449.1538 407.4775 446.1865 411.7827 445.5499 414.8623 443.0321 417.4194 443.3364 422.8389 441.8733 425.4788 439.7426 431.7387 441.7192 433.2768 440.8395 433.197 437.5998 436.1885 435.1402 438.1413 432.0741 437.5738 429.5049 439.6335 425.6055 437.3933 423.9801 439.8289 422.2041 437.8244 419.5749 436.6767 412.6999 437.1891 412.1011 437.194 412.0904 441.5055 411.713 443.7703 410.6356 445.1139 413.7827 448.466 414.7593 452.2767 414.5835 453.2894 412.5928 455.7763 412.3283 461.6724 407.971 467.716 406.8621 470.8397 405.2629 472.3526 407.4183 475.5373 408.0355 477.2104 410.4713 479.856 410.6637 483.5463 409.2234 486.6936 410.7141 486.2582 412.2459 493.4297 415.4555 497.1606 415.0582 502.3657 412.9746 503.9885 414.9706 508.6009 413.9183 508.8375 411.2775 513.4258 410.2466 511.5349 407.9187 520.4763 407.2153 525.1231 406.2274 525.561 403.9674 528.031 401.0887 530.8576 400.8775 529.616 397.6873 533.837 397.0532 534.3388 399.1097 537.1963 400.4604 541.5306 406.3631 544.9083 408.2336 547.2549 411.0963 549.1786 411.7455 555.7917 411.0328 556.8644 413.0443 565.7032 413.9784 565.2644 410.8604 567.0357 410.1468 568.3232 407.1484 567.2704 404.698 570.8203 402.6754 572.8437 399.8044 570.1623 396.7034 571.1817 394.4327 576.2069 393.2055 577.4073 390.0086 581.5862 389.4863 587.2365 387.7917 592.0439 388.6564 593.1219 387.8609 601.294 386.114 607.4165 383.3593 608.8409 381.9268 610.3011 382.4679 613.7988 386.6934 613.1553 390.5967 616.2267 395.4835 622.7314 397.3482 622.8838 400.2424 617.6468 402.8842 616.7052 406.8248 613.703 409.92 617.5592 412.1258 620.7704 411.9325 626.1638 413.2793 632.9163 411.7901 636.952 415.0665 641.3757 415.1813 643.9309 416.8774 647.041 416.8377 651.2746 418.588 654.5652 420.989 Z'/></svg>,
3,province,Northern Cape,,,,,,,,,,,,,,<svg xmlns='http://www.w3.org/2000/svg' version='1.1' viewBox='0 0 800 617'><path id='3' d='M 299.9543 193.9927 303.4496 193.8604 303.7331 207.9554 308.2986 210.0333 310.1716 207.1081 312.9498 198.4037 313.3257 195.1234 316.9105 195.4451 317.1955 192.4133 320.9578 192.8532 322.0276 187.2092 333.332 187.7072 336.5645 188.3526 334.9446 192.3891 329.0548 190.6068 328.2647 193.6608 332.869 194.9262 328.5512 201.1962 331.4692 204.5002 330.7125 211.57 340.2223 213.7835 346.0666 217.9528 341.3918 223.8904 349.1042 227.1736 354.6301 228.7946 359.1056 231.1772 362.1456 229.6351 364.7729 231.3749 367.4654 236.4661 368.0184 239.102 364.9272 241.1697 361.1973 248.7409 369.2992 253.6103 368.6552 265.7006 371.9458 266.6215 370.7226 270.6508 371.5771 272.3014 385.8155 269.5012 387.8225 270.551 385.9878 273.373 388.1036 274.4107 383.6469 280.6191 386.0415 281.231 388.8158 284.0055 388.7282 286.6832 392.074 289.4087 393.4374 286.7016 396.6569 284.6712 396.0811 280.8614 398.0581 277.8092 398.0755 274.8186 399.8561 271.298 399.7027 267.759 403.0779 267.1786 404.9702 270.4992 414.5769 269.4842 416.9085 270.4003 406.3574 281.6181 412.1983 290.4281 415.9481 288.5072 415.8978 288.652 412.8762 297.0943 411.0429 296.9082 409.2842 299.9763 411.5722 300.688 406.2553 315.3208 409.8411 316.3415 398.2328 337.2282 383.0213 365.0999 383.076 367.402 386.1203 371.7017 392.5206 374.248 395.6205 377.5404 398.5173 377.3103 398.6866 380.4564 404.6219 381.7901 404.7317 384.0119 408.1887 388.1831 409.8275 391.928 413.9285 395.8875 416.2829 395.7374 416.3139 398.5153 419.125 399.8354 421.9404 403.9941 426.0627 406.1223 429.4501 409.797 432.8109 408.9642 437.1906 412.0807 437.1891 412.1011 436.6767 412.6999 437.8244 419.5749 439.8289 422.2041 437.3933 423.9801 439.6335 425.6055 437.5738 429.5049 438.1413 432.0741 436.1885 435.1402 433.197 437.5998 433.2768 440.8395 431.7387 441.7192 425.4788 439.7426 422.8389 441.8733 417.4194 443.3364 414.8623 443.0321 411.7827 445.5499 407.4775 446.1865 404.3659 449.1538 400.308 449.693 398.3813 448.8728 393.6494 450.5675 393.2458 453.6293 390.5876 457.8238 391.5093 459.5325 391.0821 464.4391 382.9468 464.8999 379.1855 467.4273 374.0248 466.1435 373.5831 468.4912 369.6388 469.3865 367.5864 465.66 364.4201 464.5215 363.7224 467.7509 360.3341 470.6747 356.9419 467.2824 358.8337 465.614 354.4245 463.9905 352.4243 461.6326 341.8263 464.3287 338.2957 463.3331 337.5191 464.8669 332.4548 465.659 330.5688 467.9936 328.9687 472.7099 324.5697 476.3845 322.0619 477.3898 320.367 475.8148 321.0831 473.439 316.6531 471.99 313.0785 472.7138 310.9989 469.9291 307.0271 471.8001 305.0056 469.013 300.9622 470.0928 297.4209 469.3099 299.3916 465.3926 296.7668 463.1287 293.4254 462.7614 284.5484 458.5524 282.6435 458.9923 282.0232 462.3802 277.9967 470.0468 277.4993 473.5529 274.3466 473.8256 272.8898 475.7916 274.0341 478.7836 272.8041 482.6782 270.234 484.2677 269.2411 488.5659 266.3517 489.53 265.7904 491.4233 262.4282 492.0797 258.8241 490.8889 256.6599 488.6647 254.5194 490.7746 252.2419 488.8435 246.9889 489.8371 248.2372 493.9798 244.0679 494.7898 240.8146 496.5978 235.7154 498.229 234.0931 500.5472 229.8643 503.376 227.8337 507.3045 228.6499 509.2021 223.9717 510.4888 219.2537 509.704 213.5115 510.8251 211.0004 514.3418 212.9469 518.3299 211.3081 522.0796 208.0475 524.5141 201.3188 523.6164 199.8252 521.412 196.8287 524.3508 193.8918 524.2747 191.059 522.4236 187.181 517.7296 183.2687 516.7501 181.748 515.1964 181.9468 511.9548 179.502 509.9191 177.3547 503.0988 176.5264 497.9897 179.0583 499.134 180.5824 495.7379 183.123 493.4193 184.3234 489.5934 177.3619 490.8555 169.6462 497.0101 163.1245 497.8056 159.6186 500.163 154.3742 501.5321 153.5566 509.2273 149.8455 511.3483 147.84 506.1258 148.303 501.7356 145.1015 496.4496 144.0796 492.7856 148.0674 490.9587 149.2136 484.3133 143.4395 479.4643 134.4817 476.215 133.948 474.1187 131.179 474.4729 125.9598 472.7346 125.7605 470.6718 128.4608 468.7756 127.4587 464.504 128.4196 455.8137 125.2389 454.4727 126.3667 450.8742 123.3253 447.496 124.9162 445.095 122.6619 444.0684 121.5994 441.7832 121.7514 435.756 119.6162 432.31 120.0178 429.2651 123.5362 427.6606 118.2576 424.8144 122.3741 423.7994 121.9594 417.9195 117.6566 416.5814 114.3438 414.1833 114.4101 412.1117 112.6121 409.3508 107.6015 408.8101 103.4874 402.6841 100.1987 403.3701 99.3022 407.1242 95.9221 407.3877 93.8604 410.5241 93.8551 413.7962 88.6843 421.4842 86.2346 421.1024 84.0883 422.9492 80.2176 420.009 76.2162 420.1722 75.5824 426.3492 70.1112 426.6011 72.3421 430.8377 66.7736 434.7691 67.8908 438.8372 64.1735 437.6483 60.4252 430.2893 56.3232 425.4418 52.8521 417.4743 48.5155 411.9141 48.9214 410.7281 45.4145 405.9634 40.6042 397.4858 40.0904 394.4356 37.2541 388.7272 35.0241 380.6671 32.9644 377.6979 31.2279 372.8963 30.0139 366.2398 24.3806 350.813 21.5854 347.5657 19.6825 343.6144 18.5731 337.7655 15.3226 335.4541 12.511 329.8552 8.395 327.4222 6.6469 320.1368 1 315.5703 2.3693 312.3432 7.8004 310.886 12.4457 307.7394 14.6481 308.8919 16.7209 306.2661 16.36 304.1374 18.2498 302.5033 15.6657 299.5776 17.99 295.7029 22.0964 293.3222 21.9348 289.3041 31.5104 286.549 37.0146 291.1378 36.4287 295.0634 37.9203 296.9654 43.679 295.9001 46.014 299.2821 47.5517 303.1646 46.704 305.6518 43.6345 307.9545 46.3464 312.6184 48.3074 312.555 48.3321 319.9067 51.4045 318.51 56.494 318.6001 57.453 321.9676 63.1182 321.6062 72.3054 322.1943 74.5596 323.2979 78.1318 327.302 79.7367 327.0918 85.281 329.2883 88.6514 327.5501 92.8768 327.616 96.3919 328.5883 101.6807 327.0104 111.1587 325.2397 121.1727 326.477 123.4937 327.5234 124.5736 329.7243 130.01 331.9127 133.8019 330.8265 135.4092 329.1435 138.0698 328.9633 135.8901 323.9849 137.3402 320.8955 143.9015 320.6159 147.9793 317.9868 148.8067 313.9076 150.8243 311.1486 154.3767 309.7034 156.7451 310.5929 159.6094 308.5843 163.6224 309.5741 165.279 307.2346 172.63 305.6664 172.6924 284.1668 172.674 245.7465 172.6145 218.0284 172.6426 194.964 172.6798 165.3599 172.616 128.2645 177.0368 131.5085 178.275 133.8373 182.5279 134.5926 185.5267 136.1448 186.5123 138.1335 191.2583 141.2695 192.6314 143.6152 194.2683 149.2471 196.8128 150.6942 196.6904 152.6389 198.9378 153.7822 198.7607 156.299 201.6178 160.0395 206.4518 168.4387 205.6956 173.2547 210.7362 181.3007 211.6231 184.4347 213.1888 185.6681 212.1205 188.34 214.4395 194.482 212.48 196.6049 210.908 201.2029 209.3902 201.9577 203.9339 209.1322 202.5381 209.5638 202.1152 214.8963 203.2232 216.3492 202.5182 220.8673 202.7863 226.1451 205.3854 229.7785 209.5929 230.0314 212.2386 227.925 215.5016 226.6789 219.9819 227.3688 221.3754 228.9579 224.8711 229.1613 227.5463 230.3846 233.8551 228.6299 240.6709 227.8819 244.5624 228.8242 254.6737 229.7781 258.8033 226.9338 259.1516 220.8068 260.8896 220.021 267.1708 220.4507 271.7721 218.82 279.127 208.6332 278.7665 207.2316 281.4015 204.8669 287.1848 203.5167 289.8667 198.8693 292.3842 197.7293 296.4083 198.7976 297.4809 195.7266 299.9543 193.9927 Z'/></svg>,
4,province,Free State,,,,,,,,,,,,,,<svg xmlns='http://www.w3.org/2000/svg' version='1.1' viewBox='0 0 800 617'><path id='4' d='M 571.5615 230.9185 574.2783 233.6014 578.7161 233.178 580.7685 236.6201 583.2496 235.1009 586.3385 238.5158 588.0697 238.2378 591.0428 234.2254 598.9749 238.371 605.9378 237.0557 610.0055 237.5726 612.2878 242.0844 614.7244 243.9719 619.2454 244.6022 629.5812 249.4323 630.8178 252.2068 638.0716 261.0153 642.2016 260.2101 642.298502916039 260.12659181584075 642.5931 261.617 644.8187 262.037 645.8445 264.953 643.6793 265.9123 640.5493 268.9658 642.43 270.3403 641.5281 279.8953 639.946 281.9141 637.9724 287.2161 639.841 289.308 639.9866 291.7332 640.2155 291.941 638.4311 293.9453 638.1127 296.6331 631.4923 298.1349 628.1722 303.1583 626.1933 302.964 622.1624 306.161 620.1627 305.5322 617.3918 308.8687 618.5893 310.0929 614.6581 312.382 612.7866 311.3545 606.8678 312.7822 605.3572 316.4806 603.1055 318.6045 602.115 321.9899 598.8259 322.2927 598.2056 318.8472 593.8341 317.4694 593.7611 314.9545 591.1019 312.6286 587.2447 314.4163 582.5839 314.2748 579.7365 315.343 576.8131 318.8714 569.197 319.3801 565.5039 320.8742 561.1179 327.2865 555.6761 326.8602 554.3678 329.347 551.6593 328.8552 546.7159 330.763 546.0124 333.6083 541.0743 341.3471 538.0373 342.8964 537.8548 345.3284 534.2096 348.8214 529.2831 355.1335 524.8028 358.8886 520.336 360.8206 517.1504 361.3724 512.0314 365.4526 516.0313 368.7556 522.1451 381.6831 525.7061 384.5579 527.1746 389.0154 530.4289 388.7417 529.0601 394.3358 529.616 397.6873 530.8576 400.8775 528.031 401.0887 525.561 403.9674 525.1231 406.2274 520.4763 407.2153 511.5349 407.9187 513.4258 410.2466 508.8375 411.2775 508.6009 413.9183 503.9885 414.9706 502.3657 412.9746 497.1606 415.0582 493.4297 415.4555 486.2582 412.2459 486.6936 410.7141 483.5463 409.2234 479.856 410.6637 477.2104 410.4713 475.5373 408.0355 472.3526 407.4183 470.8397 405.2629 467.716 406.8621 461.6724 407.971 455.7763 412.3283 453.2894 412.5928 452.2767 414.5835 448.466 414.7593 445.1139 413.7827 443.7703 410.6356 441.5055 411.713 437.194 412.0904 437.1906 412.0807 432.8109 408.9642 429.4501 409.797 426.0627 406.1223 421.9404 403.9941 419.125 399.8354 416.3139 398.5153 416.2829 395.7374 413.9285 395.8875 409.8275 391.928 408.1887 388.1831 404.7317 384.0119 404.6219 381.7901 398.6866 380.4564 398.5173 377.3103 395.6205 377.5404 392.5206 374.248 386.1203 371.7017 383.076 367.402 383.0213 365.0999 398.2328 337.2282 409.8411 316.3415 406.2553 315.3208 411.5722 300.688 409.2842 299.9763 411.0429 296.9082 412.8762 297.0943 415.8978 288.652 415.9602 288.5013 418.2023 288.0595 418.974 284.1731 424.3127 279.4525 428.0126 275.0308 431.0613 274.9165 432.2036 272.8614 437.7871 270.0922 441.4837 269.7667 443.4568 268.2362 446.4174 270.1639 447.3667 267.06 454.6219 263.9565 455.8431 266.5847 459.4365 265.7558 463.0852 267.9368 464.2416 272.094 467.4567 270.2216 466.6012 266.5871 469.0471 263.862 473.9692 261.3733 473.6387 259.4156 475.9292 256.6692 479.6746 255.1732 483.4452 256.2118 487.0101 249.3368 483.3252 244.9025 485.8905 243.9496 493.0242 236.6323 495.4797 236.2936 501.9244 233.2052 505.0002 232.6185 506.9399 233.8703 508.8046 231.2688 512.0323 233.2085 516.8465 232.9329 519.7607 234.9303 521.9622 233.8049 526.1662 229.3953 527.326 229.3895 531.0763 232.9048 534.391 230.856 536.1188 228.58 536.3903 225.9377 539.9257 223.825 543.358 225.5124 549.2333 224.4184 553.6285 224.2741 558.2477 220.4546 559.721 221.7738 560.1381 225.3651 565.5063 231.1365 571.5615 230.9185 Z'/></svg>,
5,province,Kwazulu-Natal,,,,,,,,,,,,,,<svg xmlns='http://www.w3.org/2000/svg' version='1.1' viewBox='0 0 800 617'><path id='5' d='M 681.5223 413.9634 675.3582 422.9768 671.2417 427.4436 667.5166 433.1098 665.8899 434.2227 663.4175 431.3914 663.5912 426.9465 660.9959 423.6114 655.2909 422.4415 654.5787 420.9992 654.5652 420.989 651.2746 418.588 647.041 416.8377 643.9309 416.8774 641.3757 415.1813 636.952 415.0665 632.9163 411.7901 626.1638 413.2793 620.7704 411.9325 617.5592 412.1258 613.703 409.92 616.7052 406.8248 617.6468 402.8842 622.8838 400.2424 622.7314 397.3482 616.2267 395.4835 613.1553 390.5967 613.7988 386.6934 610.3011 382.4679 608.8409 381.9268 613.3996 378.786 616.3235 377.7856 614.4965 373.392 615.1535 368.1006 617.0013 365.766 621.6346 364.6285 622.5069 358.6987 624.0615 356.1707 627.6439 354.9043 630.1705 349.9231 627.8393 343.6425 625.3814 343.1464 625.3272 339.5352 623.0198 337.1056 620.6698 337.7756 618.5525 334.6668 611.5688 329.4453 606.9113 328.2065 605.1855 326.6107 605.4076 322.8639 602.115 321.9899 603.1055 318.6045 605.3572 316.4806 606.8678 312.7822 612.7866 311.3545 614.6581 312.382 618.5893 310.0929 617.3918 308.8687 620.1627 305.5322 622.1624 306.161 626.1933 302.964 628.1722 303.1583 631.4923 298.1349 638.1127 296.6331 638.4311 293.9453 640.2155 291.941 639.9866 291.7332 639.841 289.308 637.9724 287.2161 639.946 281.9141 641.5281 279.8953 642.43 270.3403 640.5493 268.9658 643.6793 265.9123 645.8445 264.953 644.8187 262.037 642.5931 261.617 642.298502916039 260.12659181584075 642.1484 259.3672 644.8342 257.9414 647.3506 258.048 648.778 254.8612 652.505 253.6704 657.296 255.7623 659.8144 254.2255 663.7794 255.5036 666.0941 253.7077 670.0543 254.3573 670.1782 251.734 674.2966 249.4565 677.1436 249.5728 677.1208 251.7591 684.9464 252.1462 690.708 250.2248 696.6534 253.464 698.7291 251.7344 702.7508 253.9266 709.779 252.7668 712.9196 254.3539 718.1673 248.2812 728.7808 251.7688 752.2021 251.8832 752.0468 242.1401 753.0827 232.8258 754.0455 227.7743 757.7565 227.0471 762.2935 229.8628 763.9371 228.4027 769.3624 229.9031 786.322 230.1123 796.4042 229.6143 799 230.2979 796.6543 242.3339 788.8031 261.0366 788.8979 262.7395 785.4031 274.7755 784.7021 282.1563 783.0173 291.8112 780.6741 297.0269 777.2161 302.6956 776.0481 308.4598 773.3463 308.0262 771.1294 312.4837 754.6977 326.8723 749.3368 329.3949 741.9248 331.7184 735.7868 337.7107 732.5379 341.538 726.8368 346.3574 721.3844 351.9021 716.1889 358.1502 711.0883 365.0568 706.7526 373.2757 707.8659 375.8312 703.3251 381.0286 699.9919 383.8612 685.8299 407.9764 681.9515 413.3931 681.5223 413.9634 Z'/></svg>,
6,province,North-West,,,,,,,,,,,,,,<svg xmlns='http://www.w3.org/2000/svg' version='1.1' viewBox='0 0 800 617'><path id='6' d='M 574.1685 154.6441 574.1636 156.0476 561.9065 159.0706 559.7621 157.0204 557.1121 159.3109 561.4817 162.4061 559.3765 164.7044 557.6923 168.318 557.2355 173.2882 557.8152 179.1395 552.9076 179.2766 551.5881 181.2799 547.3826 182.9488 544.498 182.0177 542.4958 178.1672 538.4461 180.4403 533.7093 181.6403 533.4703 187.1748 531.6525 193.7466 528.6924 195.5444 525.4579 195.0604 527.3279 201.7073 520.4521 206.3601 522.2375 209.5629 522.5554 212.5428 519.0398 213.5088 520.1952 215.8924 522.4073 215.7194 523.061 218.8883 529.6644 217.6393 538.8932 219.4067 539.9257 223.825 536.3903 225.9377 536.1188 228.58 534.391 230.856 531.0763 232.9048 527.326 229.3895 526.1662 229.3953 521.9622 233.8049 519.7607 234.9303 516.8465 232.9329 512.0323 233.2085 508.8046 231.2688 506.9399 233.8703 505.0002 232.6185 501.9244 233.2052 495.4797 236.2936 493.0242 236.6323 485.8905 243.9496 483.3252 244.9025 487.0101 249.3368 483.4452 256.2118 479.6746 255.1732 475.9292 256.6692 473.6387 259.4156 473.9692 261.3733 469.0471 263.862 466.6012 266.5871 467.4567 270.2216 464.2416 272.094 463.0852 267.9368 459.4365 265.7558 455.8431 266.5847 454.6219 263.9565 447.3667 267.06 446.4174 270.1639 443.4568 268.2362 441.4837 269.7667 437.7871 270.0922 432.2036 272.8614 431.0613 274.9165 428.0126 275.0308 424.3127 279.4525 418.974 284.1731 418.2023 288.0595 415.9602 288.5013 415.9481 288.5072 412.1983 290.4281 406.3574 281.6181 416.9085 270.4003 414.5769 269.4842 404.9702 270.4992 403.0779 267.1786 399.7027 267.759 399.8561 271.298 398.0755 274.8186 398.0581 277.8092 396.0811 280.8614 396.6569 284.6712 393.4374 286.7016 392.074 289.4087 388.7282 286.6832 388.8158 284.0055 386.0415 281.231 383.6469 280.6191 388.1036 274.4107 385.9878 273.373 387.8225 270.551 385.8155 269.5012 371.5771 272.3014 370.7226 270.6508 371.9458 266.6215 368.6552 265.7006 369.2992 253.6103 361.1973 248.7409 364.9272 241.1697 368.0184 239.102 367.4654 236.4661 364.7729 231.3749 362.1456 229.6351 359.1056 231.1772 354.6301 228.7946 349.1042 227.1736 341.3918 223.8904 346.0666 217.9528 340.2223 213.7835 330.7125 211.57 331.4692 204.5002 328.5512 201.1962 332.869 194.9262 328.2647 193.6608 329.0548 190.6068 334.9446 192.3891 336.5645 188.3526 333.332 187.7072 322.0276 187.2092 320.9578 192.8532 317.1955 192.4133 316.9105 195.4451 313.3257 195.1234 312.9498 198.4037 310.1716 207.1081 308.2986 210.0333 303.7331 207.9554 303.4496 193.8604 299.9543 193.9927 302.0048 191.6232 301.8161 188.728 304.3258 188.9533 304.4139 183.6145 305.1493 181.0313 307.2463 179.7601 306.3903 177.3344 310.7323 169.239 308.8628 167.6495 310.6931 165.5518 311.2302 162.8436 313.4655 160.0671 316.2554 158.1836 316.7552 156.0727 327.1243 153.0424 335.2649 153.4746 338.137 154.8073 340.4793 153.1471 342.0358 155.6847 346.581 158.8415 354.5101 162.3417 357.3082 166.262 360.412 167.5831 361.5316 169.9744 366.3773 171.1071 375.5963 169.6963 379.6799 174.1621 384.6316 176.6624 387.9052 175.1732 399.3916 179.4951 401.5108 178.563 404.7356 179.5581 409.1356 178.7243 416.3192 174.6224 422.8215 176.7133 430.757 176.9609 439.4433 172.7615 442.6962 170.5543 446.6385 162.2104 448.4505 153.7057 449.8672 152.0527 457.0024 134.1963 456.1189 127.844 461.2524 127.469 463.3329 126.2501 472.0222 124.4683 482.0028 122.0038 482.7528 122.4641 483.6493 123.0159 483.6014 128.5605 485.1507 130.3773 490.3815 130.8826 493.0692 130.3962 496.8093 133.1785 499.3233 133.9376 500.6916 131.7444 510.4255 128.7446 510.1928 126.0752 512.6323 125.9764 513.3527 134.1319 516.2524 134.7651 518.3184 136.9989 522.2975 137.8608 521.203 141.2152 526.5315 141.6469 527.6613 143.8623 534.6673 142.8571 537.6599 144.2528 540.1003 141.034 540.2673 138.8748 544.4854 138.9218 548.0885 138.1016 551.6656 138.3249 557.1523 139.6669 557.5626 138.1626 565.8 139.8398 572.3105 142.0519 569.3354 145.789 567.1891 143.8119 565.9824 146.6659 566.309 149.5703 571.6578 149.9196 574.1685 154.6441 Z'/></svg>,
7,province,Gauteng,,,,,,,,,,,,,,<svg xmlns='http://www.w3.org/2000/svg' version='1.1' viewBox='0 0 800 617'><path id='7' d='M 571.5615 230.9185 565.5063 231.1365 560.1381 225.3651 559.721 221.7738 558.2477 220.4546 553.6285 224.2741 549.2333 224.4184 543.358 225.5124 539.9257 223.825 538.8932 219.4067 529.6644 217.6393 523.061 218.8883 522.4073 215.7194 520.1952 215.8924 519.0398 213.5088 522.5554 212.5428 522.2375 209.5629 520.4521 206.3601 527.3279 201.7073 525.4579 195.0604 528.6924 195.5444 531.6525 193.7466 533.4703 187.1748 533.7093 181.6403 538.4461 180.4403 542.4958 178.1672 544.498 182.0177 547.3826 182.9488 551.5881 181.2799 552.9076 179.2766 557.8152 179.1395 557.2355 173.2882 557.6923 168.318 559.3765 164.7044 561.4817 162.4061 557.1121 159.3109 559.7621 157.0204 561.9065 159.0706 574.1636 156.0476 574.1685 154.6441 578.254 155.1663 584.108 154.5699 584.5768 152.0173 591.6423 150.982 589.5405 146.9537 591.2678 146.5308 595.7685 144.918 597.2597 148.5108 595.1802 152.6481 589.8652 155.7719 590.0186 164.9476 592.8263 172.3275 594.766 170.2147 596.8194 170.9516 598.0977 173.6379 600.7211 172.6685 600.9548 163.9186 605.5396 168.6659 608.5017 167.4237 611.2528 170.7307 606.6181 172.2272 607.222 175.5811 605.1347 179.4927 605.1352 182.6591 602.7537 182.2565 602.5645 186.8139 601.5867 188.1157 598.1524 188.2755 590.32 186.6492 585.8033 190.3703 583.4746 194.1773 585.5934 196.3985 585.4119 198.9696 589.8512 200.0872 590.0742 202.2218 594.1007 204.586 598.6953 202.9073 601.4149 207.3634 597.9622 208.7141 596.7033 213.1498 590.7864 212.644 583.1238 218.0124 579.1007 219.7884 579.4273 224.9562 575.1966 226.4561 575.4676 228.8009 571.5615 230.9185 Z'/></svg>,
8,province,Mpumalanga,,,,,,,,,,,,,,<svg xmlns='http://www.w3.org/2000/svg' version='1.1' viewBox='0 0 800 617'><path id='8' d='M 747.6574 90.4149 748.8273 99.9995 752.6554 105.8019 753.912 113.1846 753.1944 124.5768 754.9033 146.0279 753.987 158.2867 752.2921 161.7507 753.5733 170.8649 752.2408 173.2136 749.9183 180.341 752.0051 185.7868 746.8847 188.0347 725.0364 174.4291 720.1806 175.6053 717.6467 178.8314 711.0186 184.2341 710.3495 187.2097 703.0285 200.734 699.6619 203.5967 695.4622 210.6626 694.8211 215.6254 694.7722 222.562 695.857 228.9661 699.4408 226.9851 700.4148 229.7146 703.6149 232.0536 702.878 236.1192 704.1568 238.292 707.8616 241.1654 712.1784 246.2905 718.1673 248.2812 712.9196 254.3539 709.779 252.7668 702.7508 253.9266 698.7291 251.7344 696.6534 253.464 690.708 250.2248 684.9464 252.1462 677.1208 251.7591 677.1436 249.5728 674.2966 249.4565 670.1782 251.734 670.0543 254.3573 666.0941 253.7077 663.7794 255.5036 659.8144 254.2255 657.296 255.7623 652.505 253.6704 648.778 254.8612 647.3506 258.048 644.8342 257.9414 642.298502916039 260.12659181584075 642.2016 260.2101 638.0716 261.0153 630.8178 252.2068 629.5812 249.4323 619.2454 244.6022 614.7244 243.9719 612.2878 242.0844 610.0055 237.5726 605.9378 237.0557 598.9749 238.371 591.0428 234.2254 588.0697 238.2378 586.3385 238.5158 583.2496 235.1009 580.7685 236.6201 578.7161 233.178 574.2783 233.6014 571.5615 230.9185 575.4676 228.8009 575.1966 226.4561 579.4273 224.9562 579.1007 219.7884 583.1238 218.0124 590.7864 212.644 596.7033 213.1498 597.9622 208.7141 601.4149 207.3634 598.6953 202.9073 594.1007 204.586 590.0742 202.2218 589.8512 200.0872 585.4119 198.9696 585.5934 196.3985 583.4746 194.1773 585.8033 190.3703 590.32 186.6492 598.1524 188.2755 601.5867 188.1157 602.5645 186.8139 602.7537 182.2565 605.1352 182.6591 605.1347 179.4927 607.222 175.5811 606.6181 172.2272 611.2528 170.7307 608.5017 167.4237 605.5396 168.6659 600.9548 163.9186 600.7211 172.6685 598.0977 173.6379 596.8194 170.9516 594.766 170.2147 592.8263 172.3275 590.0186 164.9476 589.8652 155.7719 595.1802 152.6481 597.2597 148.5108 595.7685 144.918 591.2678 146.5308 585.7163 146.9983 582.0763 149.3687 579.6291 149.5301 578.0924 147.1315 581.1749 145.8569 582.6637 143.935 590.4318 142.4293 589.0407 139.7904 594.2778 137.3608 596.4841 135.313 600.2585 135.5388 602.8834 137.4505 606.7575 143.0077 611.5451 142.7796 614.3402 145.0841 610.1831 146.4145 609.9861 153.0012 612.7658 155.1678 616.2044 154.3045 616.067 156.781 618.1582 159.6922 620.9204 157.7974 623.6788 158.0111 627.429 159.7048 637.7755 159.0159 640.7303 157.6376 645.3935 159.0604 648.7833 158.3236 653.4896 155.6445 656.8116 156.0955 656.772 146.6025 657.954 143.7049 663.4964 145.6049 663.6957 141.175 664.8356 139.0831 665.799 132.6058 670.8943 133.2003 673.6464 132.3059 677.0768 132.5763 678.3575 135.3445 683.7446 134.5916 687.2282 132.475 689.3421 126.8087 691.3515 125.3277 689.3745 121.376 691.846 120.6522 691.8392 115.3119 693.2327 113.4574 698.687 117.2498 702.684 116.4155 702.9259 119.3606 715.8377 118.0981 717.1672 115.342 712.6342 109.3564 716.6045 108.8652 714.5739 105.9351 707.6046 106.7558 707.3105 100.2364 710.0843 98.2215 710.7278 95.5342 714.2928 92.6705 717.1005 95.8961 725.6049 93.8017 726.2286 92.1778 731.1454 93.777 733.6681 93.8923 737.1169 91.9705 737.9752 94.0454 740.4956 93.3938 742.0279 90.4163 747.6574 90.4149 Z'/></svg>,
9,province,Limpopo,,,,,,,,,,,,,,<svg xmlns='http://www.w3.org/2000/svg' version='1.1' viewBox='0 0 800 617'><path id='9' d='M 747.6574 90.4149 742.0279 90.4163 740.4956 93.3938 737.9752 94.0454 737.1169 91.9705 733.6681 93.8923 731.1454 93.777 726.2286 92.1778 725.6049 93.8017 717.1005 95.8961 714.2928 92.6705 710.7278 95.5342 710.0843 98.2215 707.3105 100.2364 707.6046 106.7558 714.5739 105.9351 716.6045 108.8652 712.6342 109.3564 717.1672 115.342 715.8377 118.0981 702.9259 119.3606 702.684 116.4155 698.687 117.2498 693.2327 113.4574 691.8392 115.3119 691.846 120.6522 689.3745 121.376 691.3515 125.3277 689.3421 126.8087 687.2282 132.475 683.7446 134.5916 678.3575 135.3445 677.0768 132.5763 673.6464 132.3059 670.8943 133.2003 665.799 132.6058 664.8356 139.0831 663.6957 141.175 663.4964 145.6049 657.954 143.7049 656.772 146.6025 656.8116 156.0955 653.4896 155.6445 648.7833 158.3236 645.3935 159.0604 640.7303 157.6376 637.7755 159.0159 627.429 159.7048 623.6788 158.0111 620.9204 157.7974 618.1582 159.6922 616.067 156.781 616.2044 154.3045 612.7658 155.1678 609.9861 153.0012 610.1831 146.4145 614.3402 145.0841 611.5451 142.7796 606.7575 143.0077 602.8834 137.4505 600.2585 135.5388 596.4841 135.313 594.2778 137.3608 589.0407 139.7904 590.4318 142.4293 582.6637 143.935 581.1749 145.8569 578.0924 147.1315 579.6291 149.5301 582.0763 149.3687 585.7163 146.9983 591.2678 146.5308 589.5405 146.9537 591.6423 150.982 584.5768 152.0173 584.108 154.5699 578.254 155.1663 574.1685 154.6441 571.6578 149.9196 566.309 149.5703 565.9824 146.6659 567.1891 143.8119 569.3354 145.789 572.3105 142.0519 565.8 139.8398 557.5626 138.1626 557.1523 139.6669 551.6656 138.3249 548.0885 138.1016 544.4854 138.9218 540.2673 138.8748 540.1003 141.034 537.6599 144.2528 534.6673 142.8571 527.6613 143.8623 526.5315 141.6469 521.203 141.2152 522.2975 137.8608 518.3184 136.9989 516.2524 134.7651 513.3527 134.1319 512.6323 125.9764 510.1928 126.0752 510.4255 128.7446 500.6916 131.7444 499.3233 133.9376 496.8093 133.1785 493.0692 130.3962 490.3815 130.8826 485.1507 130.3773 483.6014 128.5605 483.6493 123.0159 482.7528 122.4641 485.6931 119.7864 487.6754 114.7989 494.2812 109.6597 497.0362 106.7524 501.6782 105.6934 505.0108 102.9736 505.5818 100.685 504.7394 95.9925 506.9525 92.5751 509.9586 76.7612 511.3419 74.3234 515.2847 73.8811 517.8442 68.7133 520.6519 66.8641 526.0167 65.1292 528.2351 61.9735 532.0202 63.3425 533.6735 61.3185 536.9365 61.38 538.6416 59.5821 539.2072 55.376 543.8728 52.4276 547.2409 53.8776 549.3194 51.0711 548.3866 49.6148 555.8982 45.9987 557.0081 44.4698 556.6114 41.047 561.5238 38.5017 561.636 35.0562 567.5984 30.8874 567.4702 29.0692 569.887 26.4594 576.3206 22.0633 583.1045 21.9684 590.6732 21.3362 594.1123 19.2065 599.9518 17.9226 602.3628 15.9649 605.3742 15.2891 606.7449 12.532 606.5093 9.1679 609.9136 4.7481 615.6258 4.6614 618.6353 2.9072 624.1892 4.16 634.3025 1.6456 640.8841 1.0013 645.5556 1.12 647.0865 2.2866 652.7905 3.4338 657.4706 5.578 662.3923 9.2226 667.5195 8.5594 670.1971 11.4192 674.8482 11.2879 680.3098 9.6063 686.8029 10.5631 697.1126 8.4189 704.8787 9.5981 709.4476 11.1615 712.7324 10.1795 715.5807 12.1846 718.1359 12.4245 719.8559 14.9824 727.8891 39.1102 732.1634 52.3186 731.5407 62.5916 732.0385 66.0643 738.3057 73.2091 738.6367 77.688 742.1101 85.7257 747.5069 88.9837 747.6574 90.4149 Z'/></svg>,
160,municipality,Matzikama,Matzikama(WC011 ),WC011,Local Municipality,101,DC1,West Coast,West Coast(DC1 ),1,WC,Western Cape,"129,814,458","6,726,860,335","1,229,263,417",,sampi_progress_group2
161,municipality,Cederberg,Cederberg(WC012 ),WC012,Local Municipality,101,DC1,West Coast,West Coast(DC1 ),1,WC,Western Cape,"8,007,478,375","5,409,753,439","0,766332514",,sampi_progress_group4
162,municipality,Bergrivier,Bergrivier(WC013 ),WC013,Local Municipality,101,DC1,West Coast,West Coast(DC1 ),1,WC,Western Cape,"4,407,046,954","3,923,850,976","0,4242126811",,sampi_progress_group3
163,municipality,Saldanha Bay,Saldanha Bay(WC014 ),WC014,Local Municipality,101,DC1,West Coast,West Coast(DC1 ),1,WC,Western Cape,"2,015,368,829","4,785,436,314","0,1944739329",,sampi_progress_group4
164,municipality,Swartland,Swartland(WC015 ),WC015,Local Municipality,101,DC1,West Coast,West Coast(DC1 ),1,WC,Western Cape,"370,734,365","403,109,758","0,3589437536",,sampi_progress_group1
165,municipality,Witzenberg,Witzenberg(WC022 ),WC022,Local Municipality,102,DC2,Cape Winelands,Cape Winelands(DC2 ),1,WC,Western Cape,"1,075,267,953","5,980,682,528","1,036,899,779",,sampi_progress_group4
166,municipality,Drakenstein,Drakenstein(WC023 ),WC023,Local Municipality,102,DC2,Cape Winelands,Cape Winelands(DC2 ),1,WC,Western Cape,"1,537,649,843","2,788,704,084","0,1493597072",,sampi_progress_group4
167,municipality,Stellenbosch,Stellenbosch(WC024 ),WC024,Local Municipality,102,DC2,Cape Winelands,Cape Winelands(DC2 ),1,WC,Western Cape,"8,310,476,394","1,728,081,667","0,08102797684",,sampi_progress_group3
168,municipality,Breede Valley,Breede Valley(WC025 ),WC025,Local Municipality,102,DC2,Cape Winelands,Cape Winelands(DC2 ),1,WC,Western Cape,"3,833,384,927","4,666,389,009","0,3722498001",,sampi_progress_group2
169,municipality,Langeberg,Langeberg(WC026 ),WC026,Local Municipality,102,DC2,Cape Winelands,Cape Winelands(DC2 ),1,WC,Western Cape,"4,517,921,796","4,383,580,013","0,4397943691",,sampi_progress_group1
170,municipality,Swellendam,Swellendam(WC034 ),WC034,Local Municipality,103,DC3,Overberg,Overberg(DC3 ),1,WC,Western Cape,"3,835,023,431","6,028,024,092","0,3744013486",,sampi_progress_group1
171,municipality,Theewaterskloof,Theewaterskloof(WC031 ),WC031,Local Municipality,103,DC3,Overberg,Overberg(DC3 ),1,WC,Western Cape,"3,231,632,382","3,738,929,379","0,315946192",,sampi_progress_group1
172,municipality,Overstrand,Overstrand(WC032 ),WC032,Local Municipality,103,DC3,Overberg,Overberg(DC3 ),1,WC,Western Cape,"1,707,505,512","4,457,730,732","0,1675448326",,sampi_progress_group1
173,municipality,Cape Agulhas,Cape Agulhas(WC033 ),WC033,Local Municipality,103,DC3,Overberg,Overberg(DC3 ),1,WC,Western Cape,"346,659,715","4,253,162,434","0,3402585699",,sampi_progress_group1
174,municipality,Kannaland,Kannaland(WC041 ),WC041,Local Municipality,104,DC4,Eden,Eden(DC4 ),1,WC,Western Cape,"4,758,071,036","4,098,985,219","0,4622067546",,sampi_progress_group1
175,municipality,Hessequa,Hessequa(WC042 ),WC042,Local Municipality,104,DC4,Eden,Eden(DC4 ),1,WC,Western Cape,"5,733,487,871","5,017,405,632","0,5603691951",,sampi_progress_group2
176,municipality,Mossel Bay,Mossel Bay(WC043 ),WC043,Local Municipality,104,DC4,Eden,Eden(DC4 ),1,WC,Western Cape,"2,010,829,379","2,928,312,643","0,1963223067",,sampi_progress_group1
177,municipality,municipalityrge,municipalityrge(WC044 ),WC044,Local Municipality,104,DC4,Eden,Eden(DC4 ),1,WC,Western Cape,"5,191,010,206","4,878,969,413","0,504793301",,sampi_progress_group1
178,municipality,Oudtshoorn,Oudtshoorn(WC045 ),WC045,Local Municipality,104,DC4,Eden,Eden(DC4 ),1,WC,Western Cape,"3,537,055,208","3,842,888,981","0,3435550879",,sampi_progress_group2
179,municipality,Bitou,Bitou(WC047 ),WC047,Local Municipality,104,DC4,Eden,Eden(DC4 ),1,WC,Western Cape,"9,918,555,913","2,007,679,655","0,0967202447",,sampi_progress_group1
180,municipality,Knysna,Knysna(WC048 ),WC048,Local Municipality,104,DC4,Eden,Eden(DC4 ),1,WC,Western Cape,"1,108,768,475","1,650,494,469","0,1081314064",,sampi_progress_group1
181,municipality,Laingsburg,Laingsburg(WC051 ),WC051,Local Municipality,105,DC5,Central Karoo,Central Karoo(DC5 ),1,WC,Western Cape,"8,784,488,845","5,501,141,015","0,8485505427",,sampi_progress_group4
182,municipality,Prince Albert,Prince Albert(WC052 ),WC052,Local Municipality,105,DC5,Central Karoo,Central Karoo(DC5 ),1,WC,Western Cape,"8,152,910,438","5,112,711,608","0,7870795424",,sampi_progress_group3
183,municipality,Beaufort West,Beaufort West(WC053 ),WC053,Local Municipality,105,DC5,Central Karoo,Central Karoo(DC5 ),1,WC,Western Cape,"2,191,661,434","1,086,874,468","2,097,944,525",,sampi_progress_group4
199,municipality,City of Cape Town,City of Cape Town(CPT ),CPT,Metropolitan Municipality,199,CPT,City of Cape Town,City of Cape Town(CPT ),1,WC,Western Cape,"2,444,962,992","5,198,175,003","0,2382966764",,sampi_progress_group1
260,municipality,Buffalo City,Buffalo City(BUF ),BUF,Metropolitan Municipality,260,BUF,Buffalo City,Buffalo City(BUF ),2,EC,Eastern Cape,"2,535,931,516","4,458,223,265","0,2445462559",,sampi_progress_group1
261,municipality,Camdeboo,Camdeboo(EC101 ),EC101,Local Municipality,210,DC10,Cacadu,Cacadu(DC10 ),2,EC,Eastern Cape,"1,242,233,605","7,017,927,482","1,190,352,453",,sampi_progress_group1
262,municipality,Blue Crane Route,Blue Crane Route(EC102 ),EC102,Local Municipality,210,DC10,Cacadu,Cacadu(DC10 ),2,EC,Eastern Cape,"1,106,849,413","6,680,793,058","1,065,326,537",,sampi_progress_group4
263,municipality,Ikwezi,Ikwezi(EC103 ),EC103,Local Municipality,210,DC10,Cacadu,Cacadu(DC10 ),2,EC,Eastern Cape,"4,562,725,717","4,022,354,725","0,4402565813",,sampi_progress_group1
264,municipality,Makana,Makana(EC104 ),EC104,Local Municipality,210,DC10,Cacadu,Cacadu(DC10 ),2,EC,Eastern Cape,"4,375,627,596","4,733,910,277","0,4232914457",,sampi_progress_group1
265,municipality,Ndlambe,Ndlambe(EC105 ),EC105,Local Municipality,210,DC10,Cacadu,Cacadu(DC10 ),2,EC,Eastern Cape,"1,840,632,315","2,772,036,266","0,1786392344",,sampi_progress_group2
266,municipality,Sundays River Valley,Sundays River Valley(EC106 ),EC106,Local Municipality,210,DC10,Cacadu,Cacadu(DC10 ),2,EC,Eastern Cape,"5,993,512,366","5,908,896,248","0,5816142539",,sampi_progress_group4
267,municipality,Baviaans,Baviaans(EC107 ),EC107,Local Municipality,210,DC10,Cacadu,Cacadu(DC10 ),2,EC,Eastern Cape,"1,166,811,328","6,487,536,349","1,129,337,019",,sampi_progress_group3
268,municipality,Kouga,Kouga(EC108 ),EC108,Local Municipality,210,DC10,Cacadu,Cacadu(DC10 ),2,EC,Eastern Cape,"2,669,813,004","349,131,387","0,260245697",,sampi_progress_group1
269,municipality,Kou-Kamma,Kou-Kamma(EC109 ),EC109,Local Municipality,210,DC10,Cacadu,Cacadu(DC10 ),2,EC,Eastern Cape,"3,642,028,104","4,126,653,384","0,3548637217",,sampi_progress_group1
270,municipality,Mbhashe,Mbhashe(EC121 ),EC121,Local Municipality,212,DC12,Amathole,Amathole(DC12 ),2,EC,Eastern Cape,"3,169,454,935","4,827,265,092","0,3028869371",,sampi_progress_group2
271,municipality,Mnquma,Mnquma(EC122 ),EC122,Local Municipality,212,DC12,Amathole,Amathole(DC12 ),2,EC,Eastern Cape,"32,702,409","429,586,387","0,313267608",,sampi_progress_group2
272,municipality,Great Kei,Great Kei(EC123 ),EC123,Local Municipality,212,DC12,Amathole,Amathole(DC12 ),2,EC,Eastern Cape,"173,599,028","3,025,272,727","0,1668718926",,sampi_progress_group4
273,municipality,Amahlathi,Amahlathi(EC124 ),EC124,Local Municipality,212,DC12,Amathole,Amathole(DC12 ),2,EC,Eastern Cape,"4,820,226,625","6,416,041,512","0,4624696517",,sampi_progress_group3
274,municipality,Ngqushwa,Ngqushwa(EC126 ),EC126,Local Municipality,212,DC12,Amathole,Amathole(DC12 ),2,EC,Eastern Cape,"2,240,905,887","3,649,624,723","0,2166634398",,sampi_progress_group3
276,municipality,Nkonkobe,Nkonkobe(EC127 ),EC127,Local Municipality,212,DC12,Amathole,Amathole(DC12 ),2,EC,Eastern Cape,"362,617,539","4,698,534,286","0,3489874648",,sampi_progress_group3
277,municipality,Nxuba,Nxuba(EC128 ),EC128,Local Municipality,212,DC12,Amathole,Amathole(DC12 ),2,EC,Eastern Cape,"273,192,178","3,419,733,246","0,262350531",,sampi_progress_group1
278,municipality,Inxuba Yethemba,Inxuba Yethemba(EC131 ),EC131,Local Municipality,213,DC13,Chris Hani,Chris Hani(DC13 ),2,EC,Eastern Cape,"1,166,269,338","7,047,208,486","1,111,453,225",,sampi_progress_group3
279,municipality,Tsolwana,Tsolwana(EC132 ),EC132,Local Municipality,213,DC13,Chris Hani,Chris Hani(DC13 ),2,EC,Eastern Cape,"608,681,584","5,479,057,454","0,5799886841",,sampi_progress_group3
280,municipality,Inkwanca,Inkwanca(EC133 ),EC133,Local Municipality,213,DC13,Chris Hani,Chris Hani(DC13 ),2,EC,Eastern Cape,"3,584,238,273","3,375,042,846","0,3402720066",,sampi_progress_group4
281,municipality,Lukanji,Lukanji(EC134 ),EC134,Local Municipality,213,DC13,Chris Hani,Chris Hani(DC13 ),2,EC,Eastern Cape,"3,812,864,023","4,457,636,446","0,364246888",,sampi_progress_group3
282,municipality,Intsika Yethu,Intsika Yethu(EC135 ),EC135,Local Municipality,213,DC13,Chris Hani,Chris Hani(DC13 ),2,EC,Eastern Cape,"2,711,138,916","4,543,093,916","0,258591106",,sampi_progress_group4
283,municipality,Emalahleni,Emalahleni(EC136 ),EC136,Local Municipality,213,DC13,Chris Hani,Chris Hani(DC13 ),2,EC,Eastern Cape,"3,447,203,209","3,835,225,369","0,3275887229",,sampi_progress_group4
284,municipality,Engcobo,Engcobo(EC137 ),EC137,Local Municipality,213,DC13,Chris Hani,Chris Hani(DC13 ),2,EC,Eastern Cape,"2,483,867,106","3,003,820,071","0,23625377",,sampi_progress_group2
285,municipality,Sakhisizwe,Sakhisizwe(EC138 ),EC138,Local Municipality,213,DC13,Chris Hani,Chris Hani(DC13 ),2,EC,Eastern Cape,"2,354,717,662","2,955,254,876","0,2234133838",,sampi_progress_group2
286,municipality,Elundini,Elundini(EC141 ),EC141,Local Municipality,214,DC14,Joe Gqabi,Joe Gqabi(DC14 ),2,EC,Eastern Cape,"5,064,535,139","491,289,882","0,4779359731",,sampi_progress_group2
287,municipality,Senqu,Senqu(EC142 ),EC142,Local Municipality,214,DC14,Joe Gqabi,Joe Gqabi(DC14 ),2,EC,Eastern Cape,"732,942,482","5,291,071,267","0,691257342",,sampi_progress_group2
288,municipality,Maletswai,Maletswai(EC143 ),EC143,Local Municipality,214,DC14,Joe Gqabi,Joe Gqabi(DC14 ),2,EC,Eastern Cape,"4,357,652,471","4,444,939,654","0,4115755309",,sampi_progress_group2
289,municipality,Gariep,Gariep(EC144 ),EC144,Local Municipality,214,DC14,Joe Gqabi,Joe Gqabi(DC14 ),2,EC,Eastern Cape,"8,911,059,573","5,872,840,262","0,8414387412",,sampi_progress_group1
290,municipality,Ngquza Hill,Ngquza Hill(EC153 ),EC153,Local Municipality,215,DC15,O.R.Tambo,O.R.Tambo(DC15 ),2,EC,Eastern Cape,"2,476,830,036","3,957,653,203","0,2344992797",,sampi_progress_group2
291,municipality,Port St Johns,Port St Johns(EC154 ),EC154,Local Municipality,215,DC15,O.R.Tambo,O.R.Tambo(DC15 ),2,EC,Eastern Cape,"1,291,199,522","2,393,968,057","0,1226249831",,sampi_progress_group2
292,municipality,Nyandeni,Nyandeni(EC155 ),EC155,Local Municipality,215,DC15,O.R.Tambo,O.R.Tambo(DC15 ),2,EC,Eastern Cape,"2,474,010,503","3,910,922,839","0,2350987063",,sampi_progress_group2
293,municipality,Mhlontlo,Mhlontlo(EC156 ),EC156,Local Municipality,215,DC15,O.R.Tambo,O.R.Tambo(DC15 ),2,EC,Eastern Cape,"2,826,094,098","5,101,809,867","0,2674715181",,sampi_progress_group2
294,municipality,King Sabata Dalindyebo,King Sabata Dalindyebo(EC157 ),EC157,Local Municipality,215,DC15,O.R.Tambo,O.R.Tambo(DC15 ),2,EC,Eastern Cape,"3,027,373,216","5,397,313,796","0,2881963609",,sampi_progress_group2
295,municipality,Matatiele,Matatiele(EC441 ),EC441,Local Municipality,244,DC44,Alfred Nzo,Alfred Nzo(DC44 ),2,EC,Eastern Cape,"4,352,309,463","4,525,298,539","0,4083268634",,sampi_progress_group2
296,municipality,Umzimvubu,Umzimvubu(EC442 ),EC442,Local Municipality,244,DC44,Alfred Nzo,Alfred Nzo(DC44 ),2,EC,Eastern Cape,"2,577,231,998","4,499,560,969","0,2428440852",,sampi_progress_group2
297,municipality,Mbizana,Mbizana(EC443 ),EC443,Local Municipality,244,DC44,Alfred Nzo,Alfred Nzo(DC44 ),2,EC,Eastern Cape,"2,416,719,286","3,630,536,857","0,2281209659",,sampi_progress_group2
298,municipality,Ntabankulu,Ntabankulu(EC444 ),EC444,Local Municipality,244,DC44,Alfred Nzo,Alfred Nzo(DC44 ),2,EC,Eastern Cape,"1,384,957,841","3,284,450,557","0,1307703919",,sampi_progress_group2
299,municipality,Nelson Mandela Bay,Nelson Mandela Bay(NMA ),NMA,Metropolitan Municipality,299,NMA,Nelson Mandela Bay,Nelson Mandela Bay(NMA ),2,EC,Eastern Cape,"1,958,908,267","2,939,828,329","0,1907285194",,sampi_progress_group1
360,municipality,Joe Morolong,Joe Morolong(NC451 ),NC451,Local Municipality,345,DC45,John Taolo Gaetsewe,John Taolo Gaetsewe(DC45 ),3,NC,Northern Cape,"201,720,696","980,861,132","1,831,651,177",,sampi_progress_group4
361,municipality,Ga-Segonyana,Ga-Segonyana(NC452 ),NC452,Local Municipality,345,DC45,John Taolo Gaetsewe,John Taolo Gaetsewe(DC45 ),3,NC,Northern Cape,"4,491,633,745","4,278,618,002","0,4106651999",,sampi_progress_group4
362,municipality,Gamagara,Gamagara(NC453 ),NC453,Local Municipality,345,DC45,John Taolo Gaetsewe,John Taolo Gaetsewe(DC45 ),3,NC,Northern Cape,"261,942,247","2,926,590,535","0,239528316",,sampi_progress_group3
363,municipality,Richtersveld,Richtersveld(NC061 ),NC061,Local Municipality,306,DC6,Namakwa,Namakwa(DC6 ),3,NC,Northern Cape,"960,767,319","5,797,900,463","0,8876966127",,sampi_progress_group1
364,municipality,Nama Khoi,Nama Khoi(NC062 ),NC062,Local Municipality,306,DC6,Namakwa,Namakwa(DC6 ),3,NC,Northern Cape,"1,798,863,126","7,127,223,416","1,672,974,269",,sampi_progress_group4
365,municipality,Kamiesberg,Kamiesberg(NC064 ),NC064,Local Municipality,306,DC6,Namakwa,Namakwa(DC6 ),3,NC,Northern Cape,"1,421,019,301","7,388,855,583","1,333,572,721",,sampi_progress_group1
366,municipality,Hantam,Hantam(NC065 ),NC065,Local Municipality,306,DC6,Namakwa,Namakwa(DC6 ),3,NC,Northern Cape,"3,612,795,013","1,330,674,386","3,413,149,205",,sampi_progress_group2
367,municipality,Karoo Hoogland,Karoo Hoogland(NC066 ),NC066,Local Municipality,306,DC6,Namakwa,Namakwa(DC6 ),3,NC,Northern Cape,"3,227,385,979","1,124,104,204","3,068,932,548",,sampi_progress_group1
368,municipality,Khâi-Ma,Khâi-Ma(NC067 ),NC067,Local Municipality,306,DC6,Namakwa,Namakwa(DC6 ),3,NC,Northern Cape,"1,662,803,029","7,155,093,883","1,548,054,861",,sampi_progress_group4
369,municipality,Ubuntu,Ubuntu(NC071 ),NC071,Local Municipality,307,DC7,Pixley ka Seme,Pixley ka Seme(DC7 ),3,NC,Northern Cape,"2,038,923,814","9,917,020,038","1,933,082,534",,sampi_progress_group1
370,municipality,Umsobomvu,Umsobomvu(NC072 ),NC072,Local Municipality,307,DC7,Pixley ka Seme,Pixley ka Seme(DC7 ),3,NC,Northern Cape,"6,818,527,008","4,823,915,085","0,6429597552",,sampi_progress_group1
371,municipality,Emthanjeni,Emthanjeni(NC073 ),NC073,Local Municipality,307,DC7,Pixley ka Seme,Pixley ka Seme(DC7 ),3,NC,Northern Cape,"1,347,195,045","7,839,981,961","1,268,169,344",,sampi_progress_group3
372,municipality,Kareeberg,Kareeberg(NC074 ),NC074,Local Municipality,307,DC7,Pixley ka Seme,Pixley ka Seme(DC7 ),3,NC,Northern Cape,"1,770,196,935","7,539,264,575","1,664,109,494",,sampi_progress_group3
373,municipality,Renosterberg,Renosterberg(NC075 ),NC075,Local Municipality,307,DC7,Pixley ka Seme,Pixley ka Seme(DC7 ),3,NC,Northern Cape,"5,527,147,218","393,061,482","0,5180775181",,sampi_progress_group2
374,municipality,Thembelihle,Thembelihle(NC076 ),NC076,Local Municipality,307,DC7,Pixley ka Seme,Pixley ka Seme(DC7 ),3,NC,Northern Cape,"8,023,075,054","4,919,681,651","0,7479811848",,sampi_progress_group2
375,municipality,Siyathemba,Siyathemba(NC077 ),NC077,Local Municipality,307,DC7,Pixley ka Seme,Pixley ka Seme(DC7 ),3,NC,Northern Cape,"1,472,532,961","700,011,772","1,371,828,877",,sampi_progress_group3
376,municipality,Siyancuma,Siyancuma(NC078 ),NC078,Local Municipality,307,DC7,Pixley ka Seme,Pixley ka Seme(DC7 ),3,NC,Northern Cape,"1,675,268,659","9,658,960,462","1,550,988,523",,sampi_progress_group1
377,municipality,Mier,Mier(NC081 ),NC081,Local Municipality,308,DC8,Siyanda,Siyanda(DC8 ),3,NC,Northern Cape,"2,246,845,573","9,013,701,918","2,033,640,171",,sampi_progress_group2
378,municipality,Kai !Garib,Kai !Garib(NC082 ),NC082,Local Municipality,308,DC8,Siyanda,Siyanda(DC8 ),3,NC,Northern Cape,"2,635,801,094","8,645,733,356","2,439,996,356",,sampi_progress_group4
379,municipality,//Khara Hais,//Khara Hais(NC083 ),NC083,Local Municipality,308,DC8,Siyanda,Siyanda(DC8 ),3,NC,Northern Cape,"2,177,975,757","7,269,458,462","1,992,658,671",,sampi_progress_group3
380,municipality,!Kheis,!Kheis(NC084 ),NC084,Local Municipality,308,DC8,Siyanda,Siyanda(DC8 ),3,NC,Northern Cape,"1,110,742,544","6,423,601,971","1,030,803,406",,sampi_progress_group3
381,municipality,Tsantsabane,Tsantsabane(NC085 ),NC085,Local Municipality,308,DC8,Siyanda,Siyanda(DC8 ),3,NC,Northern Cape,"1,833,278,752","8,590,124,169","1,682,460,928",,sampi_progress_group4
382,municipality,Kgatelopele,Kgatelopele(NC086 ),NC086,Local Municipality,308,DC8,Siyanda,Siyanda(DC8 ),3,NC,Northern Cape,"2,477,924,744","2,372,726,529","0,2277769194",,sampi_progress_group3
383,municipality,Sol Plaatjie,Sol Plaatjie(NC091 ),NC091,Local Municipality,309,DC9,Frances Baard,Frances Baard(DC9 ),3,NC,Northern Cape,"314,538,865","3,186,382,017","0,2905447489",,sampi_progress_group1
384,municipality,Dikgatlong,Dikgatlong(NC092 ),NC092,Local Municipality,309,DC9,Frances Baard,Frances Baard(DC9 ),3,NC,Northern Cape,"7,314,726,495","4,647,961,984","0,6722417531",,sampi_progress_group2
385,municipality,Magareng,Magareng(NC093 ),NC093,Local Municipality,309,DC9,Frances Baard,Frances Baard(DC9 ),3,NC,Northern Cape,"1,541,670,036","2,259,298,098","0,1416504093",,sampi_progress_group3
386,municipality,Phokwane,Phokwane(NC094 ),NC094,Local Municipality,309,DC9,Frances Baard,Frances Baard(DC9 ),3,NC,Northern Cape,"8,338,774,732","1,742,187,299","0,07635885464",,sampi_progress_group1
460,municipality,Letsemeng,Letsemeng(FS161 ),FS161,Local Municipality,416,DC16,Xhariep,Xhariep(DC16 ),4,FS,Free State,"9,828,570,895","6,196,040,323","0,9132046381",,sampi_progress_group1
461,municipality,Kopanong,Kopanong(FS162 ),FS162,Local Municipality,416,DC16,Xhariep,Xhariep(DC16 ),4,FS,Free State,"1,564,511,867","7,869,451,979","1,462,422,274",,sampi_progress_group4
462,municipality,Mohokare,Mohokare(FS163 ),FS163,Local Municipality,416,DC16,Xhariep,Xhariep(DC16 ),4,FS,Free State,"8,775,975,258","625,864,104","0,8222170823",,sampi_progress_group1
463,municipality,Naledi,Naledi(FS164 ),FS164,Local Municipality,416,DC16,Xhariep,Xhariep(DC16 ),4,FS,Free State,"3,424,061,529","441,964,563","0,3191351378",,sampi_progress_group4
464,municipality,Masilonyana,Masilonyana(FS181 ),FS181,Local Municipality,418,DC18,Lejweleputswa,Lejweleputswa(DC18 ),4,FS,Free State,"6,796,085,065","5,630,794,173","0,6271296419",,sampi_progress_group3
465,municipality,Tokologo,Tokologo(FS182 ),FS182,Local Municipality,418,DC18,Lejweleputswa,Lejweleputswa(DC18 ),4,FS,Free State,"9,325,859,857","5,050,514,495","0,8592799367",,sampi_progress_group2
466,municipality,Tswelopele,Tswelopele(FS183 ),FS183,Local Municipality,418,DC18,Lejweleputswa,Lejweleputswa(DC18 ),4,FS,Free State,"6,524,077,484","491,868,933","0,5988817198",,sampi_progress_group1
467,municipality,Matjhabeng,Matjhabeng(FS184 ),FS184,Local Municipality,418,DC18,Lejweleputswa,Lejweleputswa(DC18 ),4,FS,Free State,"5,155,464,852","5,342,016,288","0,4729966174",,sampi_progress_group1
468,municipality,Nala,Nala(FS185 ),FS185,Local Municipality,418,DC18,Lejweleputswa,Lejweleputswa(DC18 ),4,FS,Free State,"4,128,792,604","4,515,588,969","0,3774823742",,sampi_progress_group2
469,municipality,Setsoto,Setsoto(FS191 ),FS191,Local Municipality,419,DC19,Thabo Mofutsanyane,Thabo Mofutsanyane(DC19 ),4,FS,Free State,"5,966,359,575","5,704,556,481","0,5502800315",,sampi_progress_group1
470,municipality,Dihlabeng,Dihlabeng(FS192 ),FS192,Local Municipality,419,DC19,Thabo Mofutsanyane,Thabo Mofutsanyane(DC19 ),4,FS,Free State,"4,879,970,345","4,523,709,122","0,4491734005",,sampi_progress_group2
471,municipality,Nketoana,Nketoana(FS193 ),FS193,Local Municipality,419,DC19,Thabo Mofutsanyane,Thabo Mofutsanyane(DC19 ),4,FS,Free State,"5,611,119,147","4,649,531,269","0,5140645073",,sampi_progress_group4
472,municipality,Maluti a Phofung,Maluti a Phofung(FS194 ),FS194,Local Municipality,419,DC19,Thabo Mofutsanyane,Thabo Mofutsanyane(DC19 ),4,FS,Free State,"4,337,662,457","3,807,749,344","0,3991491324",,sampi_progress_group3
473,municipality,Phumelela,Phumelela(FS195 ),FS195,Local Municipality,419,DC19,Thabo Mofutsanyane,Thabo Mofutsanyane(DC19 ),4,FS,Free State,"8,183,489,873","6,694,700,261","0,7485683639",,sampi_progress_group4
474,municipality,Mantsopa,Mantsopa(FS196 ),FS196,Local Municipality,419,DC19,Thabo Mofutsanyane,Thabo Mofutsanyane(DC19 ),4,FS,Free State,"4,290,585,947","4,213,100,844","0,3978003671",,sampi_progress_group2
475,municipality,Moqhaka,Moqhaka(FS201 ),FS201,Local Municipality,420,DC20,Fezile Dabi,Fezile Dabi(DC20 ),4,FS,Free State,"7,924,566,018","7,843,155,928","0,7237571421",,sampi_progress_group4
477,municipality,Ngwathe,Ngwathe(FS203 ),FS203,Local Municipality,420,DC20,Fezile Dabi,Fezile Dabi(DC20 ),4,FS,Free State,"7,055,010,392","5,209,412,236","0,643162535",,sampi_progress_group4
478,municipality,Metsimaholo,Metsimaholo(FS204 ),FS204,Local Municipality,420,DC20,Fezile Dabi,Fezile Dabi(DC20 ),4,FS,Free State,"1,717,099,266","2,784,354,759","0,1560353004",,sampi_progress_group3
479,municipality,Mafube,Mafube(FS205 ),FS205,Local Municipality,420,DC20,Fezile Dabi,Fezile Dabi(DC20 ),4,FS,Free State,"3,971,299,781","3,792,329,793","0,3619543895",,sampi_progress_group3
499,municipality,Mangaung,Mangaung(MAN ),MAN,Metropolitan Municipality,499,MAN,Mangaung,Mangaung(MAN ),4,FS,Free State,"6,283,987,731","6,196,157,239","0,5827334227",,sampi_progress_group3
503,municipality,Umzumbe,Umzumbe(KZN213 ),KZN213,Local Municipality,521,DC21,Ugu,Ugu(DC21 ),5,KZN,KwaZulu-Natal,"1,258,874,928","25,398,612","0,1182689983",,sampi_progress_group2
504,municipality,UMuziwabantu,UMuziwabantu(KZN214 ),KZN214,Local Municipality,521,DC21,Ugu,Ugu(DC21 ),5,KZN,KwaZulu-Natal,"1,089,473,838","2,744,810,263","0,1025055229",,sampi_progress_group4
505,municipality,Ezingoleni,Ezingoleni(KZN215 ),KZN215,Local Municipality,521,DC21,Ugu,Ugu(DC21 ),5,KZN,KwaZulu-Natal,"6,480,683,633","2,093,913,996","0,0610441362",,sampi_progress_group2
506,municipality,Hibiscus Coast,Hibiscus Coast(KZN216 ),KZN216,Local Municipality,521,DC21,Ugu,Ugu(DC21 ),5,KZN,KwaZulu-Natal,"8,390,179,938","2,587,185,839","0,07908007478",,sampi_progress_group1
514,municipality,Emnambithi/Ladysmith,Emnambithi/Ladysmith(KZN232 ),KZN232,Local Municipality,523,DC23,Uthukela,Uthukela(DC23 ),5,KZN,KwaZulu-Natal,"2,964,840,404","3,338,633,903","0,2730330996",,sampi_progress_group2
524,municipality,Newcastle,Newcastle(KZN252 ),KZN252,Local Municipality,555,DC25,Amajuba,Amajuba(DC25 ),5,KZN,KwaZulu-Natal,"185,529,071","3,183,448,983","0,1698037535",,sampi_progress_group1
525,municipality,Emadlangeni,Emadlangeni(KZN253 ),KZN253,Local Municipality,555,DC25,Amajuba,Amajuba(DC25 ),5,KZN,KwaZulu-Natal,"3,539,315,929","3,878,198,881","0,3235808434",,sampi_progress_group1
526,municipality,Dannhauser,Dannhauser(KZN254 ),KZN254,Local Municipality,555,DC25,Amajuba,Amajuba(DC25 ),5,KZN,KwaZulu-Natal,"1,515,906,483","2,870,722,209","0,1390751023",,sampi_progress_group2
529,municipality,Abaqulusi,Abaqulusi(KZN263 ),KZN263,Local Municipality,556,DC26,Zululand,Zululand(DC26 ),5,KZN,KwaZulu-Natal,"4,184,626,408","4,188,700,857","0,3833218572",,sampi_progress_group4
538,municipality,uMhlathuze,uMhlathuze(KZN282 ),KZN282,Local Municipality,528,DC28,Uthungulu,Uthungulu(DC28 ),5,KZN,KwaZulu-Natal,"7,931,765,572","1,921,837,789","0,07329849986",,sampi_progress_group1
542,municipality,Nkandla,Nkandla(KZN286 ),KZN286,Local Municipality,528,DC28,Uthungulu,Uthungulu(DC28 ),5,KZN,KwaZulu-Natal,"1,827,577,606","3,360,201,951","0,1686825347",,sampi_progress_group2
546,municipality,Maphumulo,Maphumulo(KZN294 ),KZN294,Local Municipality,559,DC29,iLembe,iLembe(DC29 ),5,KZN,KwaZulu-Natal,"8,959,098,891","2,378,906,649","0,08304453471",,sampi_progress_group2
560,municipality,Vulamehlo,Vulamehlo(KZN211 ),KZN211,Local Municipality,521,DC21,Ugu,Ugu(DC21 ),5,KZN,KwaZulu-Natal,"9,599,206,054","2,429,790,017","0,08993443131",,sampi_progress_group2
561,municipality,Umdoni,Umdoni(KZN212 ),KZN212,Local Municipality,521,DC21,Ugu,Ugu(DC21 ),5,KZN,KwaZulu-Natal,"2,515,269,156","1,067,832,213","0,02359772115",,sampi_progress_group1
562,municipality,uMshwathi,uMshwathi(KZN221 ),KZN221,Local Municipality,522,DC22,UMgungundlovu,UMgungundlovu(DC22 ),5,KZN,KwaZulu-Natal,"1,817,938,534","3,183,119,337","0,1689454483",,sampi_progress_group4
563,municipality,uMngeni,uMngeni(KZN222 ),KZN222,Local Municipality,522,DC22,UMgungundlovu,UMgungundlovu(DC22 ),5,KZN,KwaZulu-Natal,"1,566,518,681","2,325,453,346","0,1456617775",,sampi_progress_group2
564,municipality,Mpofana,Mpofana(KZN223 ),KZN223,Local Municipality,522,DC22,UMgungundlovu,UMgungundlovu(DC22 ),5,KZN,KwaZulu-Natal,"1,819,786,895","3,128,790,226","0,1688011242",,sampi_progress_group2
565,municipality,Impendle,Impendle(KZN224 ),KZN224,Local Municipality,522,DC22,UMgungundlovu,UMgungundlovu(DC22 ),5,KZN,KwaZulu-Natal,"1,528,188,277","2,658,244,282","0,1422407846",,sampi_progress_group1
566,municipality,The Msunduzi,The Msunduzi(KZN225 ),KZN225,Local Municipality,522,DC22,UMgungundlovu,UMgungundlovu(DC22 ),5,KZN,KwaZulu-Natal,"6,340,119,426","1,548,763,827","0,05907530309",,sampi_progress_group1
567,municipality,Mkhambathini,Mkhambathini(KZN226 ),KZN226,Local Municipality,522,DC22,UMgungundlovu,UMgungundlovu(DC22 ),5,KZN,KwaZulu-Natal,"8,908,771,669","2,770,836,907","0,08317273254",,sampi_progress_group2
568,municipality,Richmond,Richmond(KZN227 ),KZN227,Local Municipality,522,DC22,UMgungundlovu,UMgungundlovu(DC22 ),5,KZN,KwaZulu-Natal,"1,255,602,676","2,281,332,092","0,117267847",,sampi_progress_group2
569,municipality,Indaka,Indaka(KZN233 ),KZN233,Local Municipality,523,DC23,Uthukela,Uthukela(DC23 ),5,KZN,KwaZulu-Natal,"9,915,409,194","1,812,219,131","0,09142790532",,sampi_progress_group1
570,municipality,Umtshezi,Umtshezi(KZN234 ),KZN234,Local Municipality,523,DC23,Uthukela,Uthukela(DC23 ),5,KZN,KwaZulu-Natal,"1,972,449,711","2,722,888,269","0,1824631262",,sampi_progress_group2
571,municipality,Okhahlamba,Okhahlamba(KZN235 ),KZN235,Local Municipality,523,DC23,Uthukela,Uthukela(DC23 ),5,KZN,KwaZulu-Natal,"3,970,981,794","3,887,281,322","0,3668476613",,sampi_progress_group2
573,municipality,Imbabazane,Imbabazane(KZN236 ),KZN236,Local Municipality,523,DC23,Uthukela,Uthukela(DC23 ),5,KZN,KwaZulu-Natal,"1,426,307,517","2,315,269,598","0,1322115919",,sampi_progress_group1
574,municipality,Endumeni,Endumeni(KZN241 ),KZN241,Local Municipality,554,DC24,Umzinyathi,Umzinyathi(DC24 ),5,KZN,KwaZulu-Natal,"1,610,233,077","2,524,723,558","0,1479529295",,sampi_progress_group1
575,municipality,Nqutu,Nqutu(KZN242 ),KZN242,Local Municipality,554,DC24,Umzinyathi,Umzinyathi(DC24 ),5,KZN,KwaZulu-Natal,"1,962,257,615","3,641,358,239","0,1805214669",,sampi_progress_group2
576,municipality,Msinga,Msinga(KZN244 ),KZN244,Local Municipality,554,DC24,Umzinyathi,Umzinyathi(DC24 ),5,KZN,KwaZulu-Natal,"250,114,142","3,435,074,495","0,230764192",,sampi_progress_group2
577,municipality,Umvoti,Umvoti(KZN245 ),KZN245,Local Municipality,554,DC24,Umzinyathi,Umzinyathi(DC24 ),5,KZN,KwaZulu-Natal,"2,515,529,852","3,963,469,893","0,2330010971",,sampi_progress_group2
578,municipality,eDumbe,eDumbe(KZN261 ),KZN261,Local Municipality,556,DC26,Zululand,Zululand(DC26 ),5,KZN,KwaZulu-Natal,"1,942,762,287","2,852,511,331","0,1773812664",,sampi_progress_group2
579,municipality,UPhongolo,UPhongolo(KZN262 ),KZN262,Local Municipality,556,DC26,Zululand,Zululand(DC26 ),5,KZN,KwaZulu-Natal,"3,239,186,419","4,392,944,139","0,2957938122",,sampi_progress_group2
580,municipality,Nongoma,Nongoma(KZN265 ),KZN265,Local Municipality,556,DC26,Zululand,Zululand(DC26 ),5,KZN,KwaZulu-Natal,"218,211,427","3,371,442,783","0,2000270077",,sampi_progress_group2
581,municipality,Ulundi,Ulundi(KZN266 ),KZN266,Local Municipality,556,DC26,Zululand,Zululand(DC26 ),5,KZN,KwaZulu-Natal,"3,250,291,844","4,166,103,713","0,2988346787",,sampi_progress_group2
582,municipality,Umhlabuyalingana,Umhlabuyalingana(KZN271 ),KZN271,Local Municipality,527,DC27,Umkhanyakude,Umkhanyakude(DC27 ),5,KZN,KwaZulu-Natal,"4,401,600,148","3,239,764,238","0,400891311",,sampi_progress_group2
583,municipality,Jozini,Jozini(KZN272 ),KZN272,Local Municipality,527,DC27,Umkhanyakude,Umkhanyakude(DC27 ),5,KZN,KwaZulu-Natal,"3,442,245,599","4,207,265,084","0,3140112844",,sampi_progress_group2
584,municipality,The Big 5 False Bay,The Big 5 False Bay(KZN273 ),KZN273,Local Municipality,527,DC27,Umkhanyakude,Umkhanyakude(DC27 ),5,KZN,KwaZulu-Natal,"2,486,543,067","3,087,024,851","0,227826338",,sampi_progress_group2
585,municipality,Hlabisa,Hlabisa(KZN274 ),KZN274,Local Municipality,527,DC27,Umkhanyakude,Umkhanyakude(DC27 ),5,KZN,KwaZulu-Natal,"1,555,134,837","2,276,334,416","0,142892633",,sampi_progress_group1
586,municipality,Mtubatuba,Mtubatuba(KZN275 ),KZN275,Local Municipality,527,DC27,Umkhanyakude,Umkhanyakude(DC27 ),5,KZN,KwaZulu-Natal,"196,982,949","2,326,087,252","0,1811881785",,sampi_progress_group1
587,municipality,Mfolozi,Mfolozi(KZN281 ),KZN281,Local Municipality,528,DC28,Uthungulu,Uthungulu(DC28 ),5,KZN,KwaZulu-Natal,"1,209,975,997","2,187,572,961","0,111567947",,sampi_progress_group2
588,municipality,Ntambanana,Ntambanana(KZN283 ),KZN283,Local Municipality,528,DC28,Uthungulu,Uthungulu(DC28 ),5,KZN,KwaZulu-Natal,"1,082,754,032","20,379,078","0,09985169542",,sampi_progress_group2
589,municipality,uMlalazi,uMlalazi(KZN284 ),KZN284,Local Municipality,528,DC28,Uthungulu,Uthungulu(DC28 ),5,KZN,KwaZulu-Natal,"2,213,941,015","3,601,727,702","0,2048158614",,sampi_progress_group2
590,municipality,Mthonjaneni,Mthonjaneni(KZN285 ),KZN285,Local Municipality,528,DC28,Uthungulu,Uthungulu(DC28 ),5,KZN,KwaZulu-Natal,"1,085,965,022","2,437,383,994","0,1001639981",,sampi_progress_group2
591,municipality,Mandeni,Mandeni(KZN291 ),KZN291,Local Municipality,559,DC29,iLembe,iLembe(DC29 ),5,KZN,KwaZulu-Natal,"5,454,813,696","1,622,126,122","0,05056837743",,sampi_progress_group2
592,municipality,KwaDukuza,KwaDukuza(KZN292 ),KZN292,Local Municipality,559,DC29,iLembe,iLembe(DC29 ),5,KZN,KwaZulu-Natal,"7,349,596,136","2,056,217,327","0,06828539263",,sampi_progress_group2
593,municipality,Ndwedwe,Ndwedwe(KZN293 ),KZN293,Local Municipality,559,DC29,iLembe,iLembe(DC29 ),5,KZN,KwaZulu-Natal,"1,092,911,072","2,727,165,544","0,101609804",,sampi_progress_group2
594,municipality,Ingwe,Ingwe(KZN431 ),KZN431,Local Municipality,543,DC43,Sisonke,Sisonke(DC43 ),5,KZN,KwaZulu-Natal,"1,976,200,722","296,011,584","0,1845651151",,sampi_progress_group2
595,municipality,Kwa Sani,Kwa Sani(KZN432 ),KZN432,Local Municipality,543,DC43,Sisonke,Sisonke(DC43 ),5,KZN,KwaZulu-Natal,"1,851,898,893","2,600,652,287","0,1727408502",,sampi_progress_group1
596,municipality,Greater Kokstad,Greater Kokstad(KZN433 ),KZN433,Local Municipality,543,DC43,Sisonke,Sisonke(DC43 ),5,KZN,KwaZulu-Natal,"2,679,822,993","365,049,578","0,2513024359",,sampi_progress_group1
597,municipality,Ubuhlebezwe,Ubuhlebezwe(KZN434 ),KZN434,Local Municipality,543,DC43,Sisonke,Sisonke(DC43 ),5,KZN,KwaZulu-Natal,"160,403,163","2,471,459,392","0,1502514283",,sampi_progress_group2
598,municipality,Umzimkhulu,Umzimkhulu(KZN435 ),KZN435,Local Municipality,543,DC43,Sisonke,Sisonke(DC43 ),5,KZN,KwaZulu-Natal,"2,435,474,337","3,402,166,438","0,2283663634",,sampi_progress_group2
599,municipality,eThekwini,eThekwini(ETH ),ETH,Metropolitan Municipality,599,ETH,eThekwini,eThekwini(ETH ),5,KZN,KwaZulu-Natal,"2,291,306,982","3,435,489,554","0,2138175888",,sampi_progress_group1
660,municipality,Moretele,Moretele(NW371 ),NW371,Local Municipality,637,DC37,Bojanala,Bojanala(DC37 ),6,NW,North West,"1,378,737,709","2,360,971,627","0,1234604923",,sampi_progress_group3
661,municipality,Madibeng,Madibeng(NW372 ),NW372,Local Municipality,637,DC37,Bojanala,Bojanala(DC37 ),6,NW,North West,"3,839,205,043","3,937,305,293","0,3445297532",,sampi_progress_group2
662,municipality,Rustenburg,Rustenburg(NW373 ),NW373,Local Municipality,637,DC37,Bojanala,Bojanala(DC37 ),6,NW,North West,"3,423,257,679","3,015,478,914","0,3077647144",,sampi_progress_group4
663,municipality,Kgetlengrivier,Kgetlengrivier(NW374 ),NW374,Local Municipality,637,DC37,Bojanala,Bojanala(DC37 ),6,NW,North West,"3,973,114,381","3,166,562,648","0,357384445",,sampi_progress_group1
664,municipality,Moses Kotane,Moses Kotane(NW375 ),NW375,Local Municipality,637,DC37,Bojanala,Bojanala(DC37 ),6,NW,North West,"5,719,072,868","4,276,553,544","0,5119765033",,sampi_progress_group4
665,municipality,Ratlou,Ratlou(NW381 ),NW381,Local Municipality,638,DC38,Ngaka Modiri Molema,Ngaka Modiri Molema(DC38 ),6,NW,North West,"488,365,457","3,910,304,933","0,4405956887",,sampi_progress_group3
666,municipality,Tswaing,Tswaing(NW382 ),NW382,Local Municipality,638,DC38,Ngaka Modiri Molema,Ngaka Modiri Molema(DC38 ),6,NW,North West,"5,966,247,954","4,254,059,038","0,5407123365",,sampi_progress_group2
667,municipality,Mafikeng,Mafikeng(NW383 ),NW383,Local Municipality,638,DC38,Ngaka Modiri Molema,Ngaka Modiri Molema(DC38 ),6,NW,North West,"3,698,445,309","3,750,009,087","0,333121642",,sampi_progress_group1
668,municipality,Ditsobotla,Ditsobotla(NW384 ),NW384,Local Municipality,638,DC38,Ngaka Modiri Molema,Ngaka Modiri Molema(DC38 ),6,NW,North West,"6,464,869,864","4,451,967,586","0,5833862625",,sampi_progress_group2
669,municipality,Ramotshere Moiloa,Ramotshere Moiloa(NW385 ),NW385,Local Municipality,638,DC38,Ngaka Modiri Molema,Ngaka Modiri Molema(DC38 ),6,NW,North West,"7,192,855,834","4,607,543,819","0,6443146264",,sampi_progress_group2
670,municipality,Naledi,Naledi(NW392 ),NW392,Local Municipality,639,DC39,Dr Ruth Segomotsi Mompati,Dr Ruth Segomotsi Mompati(DC39 ),6,NW,North West,"6,941,192,732","5,555,311,869","0,6304107815",,sampi_progress_group2
671,municipality,Mamusa,Mamusa(NW393 ),NW393,Local Municipality,639,DC39,Dr Ruth Segomotsi Mompati,Dr Ruth Segomotsi Mompati(DC39 ),6,NW,North West,"3,614,840,044","3,779,028,898","0,3293306102",,sampi_progress_group2
672,municipality,Greater Taung,Greater Taung(NW394 ),NW394,Local Municipality,639,DC39,Dr Ruth Segomotsi Mompati,Dr Ruth Segomotsi Mompati(DC39 ),6,NW,North West,"5,635,468,465","5,144,863,764","0,5146947415",,sampi_progress_group3
673,municipality,Lekwa-Teemane,Lekwa-Teemane(NW396 ),NW396,Local Municipality,639,DC39,Dr Ruth Segomotsi Mompati,Dr Ruth Segomotsi Mompati(DC39 ),6,NW,North West,"3,681,200,453","4,113,409,623","0,3366074623",,sampi_progress_group1
674,municipality,Kagisano/Molopo,Kagisano/Molopo(NW397 ),NW397,Local Municipality,639,DC39,Dr Ruth Segomotsi Mompati,Dr Ruth Segomotsi Mompati(DC39 ),6,NW,North West,"2,382,727,582","1,003,637,372","2,150,352,444",,sampi_progress_group2
675,municipality,Ventersdorp,Ventersdorp(NW401 ),NW401,Local Municipality,640,DC40,Dr Kenneth Kaunda,Dr Kenneth Kaunda(DC40 ),6,NW,North West,"3,764,049,208","3,253,143,347","0,3402482771",,sampi_progress_group4
676,municipality,Tlokwe City Council,Tlokwe City Council(NW402 ),NW402,Local Municipality,640,DC40,Dr Kenneth Kaunda,Dr Kenneth Kaunda(DC40 ),6,NW,North West,"2,673,678,182","3,087,600,609","0,2425618183",,sampi_progress_group3
677,municipality,City of Matlosana,City of Matlosana(NW403 ),NW403,Local Municipality,640,DC40,Dr Kenneth Kaunda,Dr Kenneth Kaunda(DC40 ),6,NW,North West,"3,561,459,327","3,091,545,577","0,3233068971",,sampi_progress_group2
678,municipality,Maquassi Hills,Maquassi Hills(NW404 ),NW404,Local Municipality,640,DC40,Dr Kenneth Kaunda,Dr Kenneth Kaunda(DC40 ),6,NW,North West,"4,643,047,585","4,144,110,108","0,4230648394",,sampi_progress_group2
760,municipality,Emfuleni,Emfuleni(GT421 ),GT421,Local Municipality,742,DC42,Sedibeng,Sedibeng(DC42 ),7,GT,Gauteng,"9,658,939,116","2,058,279,011","0,08754494331",,sampi_progress_group2
761,municipality,Midvaal,Midvaal(GT422 ),GT422,Local Municipality,742,DC42,Sedibeng,Sedibeng(DC42 ),7,GT,Gauteng,"172,247,532","3,235,496,697","0,1561117795",,sampi_progress_group1
762,municipality,Lesedi,Lesedi(GT423 ),GT423,Local Municipality,742,DC42,Sedibeng,Sedibeng(DC42 ),7,GT,Gauteng,"1,484,392,521","3,085,188,707","0,134348255",,sampi_progress_group2
763,municipality,Mogale City,Mogale City(GT481 ),GT481,Local Municipality,748,DC48,West Rand,West Rand(DC48 ),7,GT,Gauteng,"1,342,163,455","2,315,246,198","0,1209916058",,sampi_progress_group2
764,municipality,Randfontein,Randfontein(GT482 ),GT482,Local Municipality,748,DC48,West Rand,West Rand(DC48 ),7,GT,Gauteng,"4,748,928,879","1,257,950,458","0,04288149891",,sampi_progress_group1
765,municipality,Westonaria,Westonaria(GT483 ),GT483,Local Municipality,748,DC48,West Rand,West Rand(DC48 ),7,GT,Gauteng,"6,398,224,957","1,590,675,253","0,05787522192",,sampi_progress_group2
766,municipality,Merafong City,Merafong City(GT484 ),GT484,Local Municipality,748,DC48,West Rand,West Rand(DC48 ),7,GT,Gauteng,"1,630,544,476","2,336,446,025","0,1475203983",,sampi_progress_group1
797,municipality,Ekurhuleni,Ekurhuleni(EKU ),EKU,Metropolitan Municipality,797,EKU,Ekurhuleni,Ekurhuleni(EKU ),7,GT,Gauteng,"1,975,304,814","2,805,708,043","0,1783834943",,sampi_progress_group4
798,municipality,City of Johannesburg,City of Johannesburg(JHB ),JHB,Metropolitan Municipality,798,JHB,City of Johannesburg,City of Johannesburg(JHB ),7,GT,Gauteng,"1,644,983,123","3,031,304,897","0,1485254531",,sampi_progress_group2
799,municipality,City of Tshwane,City of Tshwane(TSH ),TSH,Metropolitan Municipality,799,TSH,City of Tshwane,City of Tshwane(TSH ),7,GT,Gauteng,"629,783,321","6,356,642,425","0,566199331",,sampi_progress_group1
860,municipality,Albert Luthuli,Albert Luthuli(MP301 ),MP301,Local Municipality,830,DC30,Gert Sibande,Gert Sibande(DC30 ),8,MP,Mpumalanga,"5,559,396,383","4,786,411,979","0,5014492731",,sampi_progress_group2
861,municipality,Msukaligwa,Msukaligwa(MP302 ),MP302,Local Municipality,830,DC30,Gert Sibande,Gert Sibande(DC30 ),8,MP,Mpumalanga,"6,015,663,726","4,849,198,199","0,5444935726",,sampi_progress_group2
862,municipality,Mkhondo,Mkhondo(MP303 ),MP303,Local Municipality,830,DC30,Gert Sibande,Gert Sibande(DC30 ),8,MP,Mpumalanga,"4,882,159,104","4,525,603,503","0,4438975193",,sampi_progress_group2
863,municipality,Pixley Ka Seme,Pixley Ka Seme(MP304 ),MP304,Local Municipality,830,DC30,Gert Sibande,Gert Sibande(DC30 ),8,MP,Mpumalanga,"5,227,208,732","4,859,538,203","0,4758320205",,sampi_progress_group4
864,municipality,Lekwa,Lekwa(MP305 ),MP305,Local Municipality,830,DC30,Gert Sibande,Gert Sibande(DC30 ),8,MP,Mpumalanga,"4,585,190,145","4,862,538,404","0,4164798938",,sampi_progress_group4
865,municipality,Dipaleseng,Dipaleseng(MP306 ),MP306,Local Municipality,830,DC30,Gert Sibande,Gert Sibande(DC30 ),8,MP,Mpumalanga,"2,616,558,092","3,546,158,846","0,2374720512",,sampi_progress_group4
866,municipality,Govan Mbeki,Govan Mbeki(MP307 ),MP307,Local Municipality,830,DC30,Gert Sibande,Gert Sibande(DC30 ),8,MP,Mpumalanga,"2,954,689,848","338,955,864","0,267433593",,sampi_progress_group2
867,municipality,Victor Khanye,Victor Khanye(MP311 ),MP311,Local Municipality,831,DC31,Nkangala,Nkangala(DC31 ),8,MP,Mpumalanga,"1,567,774,502","2,260,751,938","0,1415018189",,sampi_progress_group1
868,municipality,Emalahleni,Emalahleni(MP312 ),MP312,Local Municipality,831,DC31,Nkangala,Nkangala(DC31 ),8,MP,Mpumalanga,"2,677,609,053","2,915,512,356","0,241440839",,sampi_progress_group4
869,municipality,Steve Tshwete,Steve Tshwete(MP313 ),MP313,Local Municipality,831,DC31,Nkangala,Nkangala(DC31 ),8,MP,Mpumalanga,"39,764,535","3,763,358,443","0,3580202869",,sampi_progress_group3
870,municipality,Emakhazeni,Emakhazeni(MP314 ),MP314,Local Municipality,831,DC31,Nkangala,Nkangala(DC31 ),8,MP,Mpumalanga,"4,735,586,158","4,466,556,822","0,4255266587",,sampi_progress_group4
871,municipality,Thembisile,Thembisile(MP315 ),MP315,Local Municipality,831,DC31,Nkangala,Nkangala(DC31 ),8,MP,Mpumalanga,"2,384,363,365","4,276,664,345","0,2140310029",,sampi_progress_group4
872,municipality,Dr JS Moroka,Dr JS Moroka(MP316 ),MP316,Local Municipality,831,DC31,Nkangala,Nkangala(DC31 ),8,MP,Mpumalanga,"1,416,468,804","2,540,478,767","0,1267730436",,sampi_progress_group3
873,municipality,Thaba Chweu,Thaba Chweu(MP321 ),MP321,Local Municipality,832,DC32,Ehlanzeni,Ehlanzeni(DC32 ),8,MP,Mpumalanga,"5,719,062,507","5,108,965,225","0,5116961293",,sampi_progress_group2
874,municipality,Mbombela,Mbombela(MP322 ),MP322,Local Municipality,832,DC32,Ehlanzeni,Ehlanzeni(DC32 ),8,MP,Mpumalanga,"5,394,404,672","4,434,336,165","0,483676878",,sampi_progress_group2
875,municipality,Umjindi,Umjindi(MP323 ),MP323,Local Municipality,832,DC32,Ehlanzeni,Ehlanzeni(DC32 ),8,MP,Mpumalanga,"1,745,385,993","2,039,354,513","0,1570301766",,sampi_progress_group2
876,municipality,Nkomazi,Nkomazi(MP324 ),MP324,Local Municipality,832,DC32,Ehlanzeni,Ehlanzeni(DC32 ),8,MP,Mpumalanga,"4,786,871,564","3,446,078,594","0,4298044629",,sampi_progress_group1
877,municipality,Bushbuckridge,Bushbuckridge(MP325 ),MP325,Local Municipality,832,DC32,Ehlanzeni,Ehlanzeni(DC32 ),8,MP,Mpumalanga,"1,024,984,926","5,763,801,045","0,9134133115",,sampi_progress_group2
960,municipality,Greater Giyani,Greater Giyani(LIM331 ),LIM331,Local Municipality,933,DC33,Mopani,Mopani(DC33 ),9,LIM,Limpopo,"4,171,600,626","4,674,778,648","0,3683994541",,sampi_progress_group4
961,municipality,Greater Letaba,Greater Letaba(LIM332 ),LIM332,Local Municipality,933,DC33,Mopani,Mopani(DC33 ),9,LIM,Limpopo,"1,890,897,248","2,807,811,669","0,1671698288",,sampi_progress_group4
962,municipality,Greater Tzaneen,Greater Tzaneen(LIM333 ),LIM333,Local Municipality,933,DC33,Mopani,Mopani(DC33 ),9,LIM,Limpopo,"3,242,571,611","3,607,248,674","0,2874255596",,sampi_progress_group4
963,municipality,Ba-Phalaborwa,Ba-Phalaborwa(LIM334 ),LIM334,Local Municipality,933,DC33,Mopani,Mopani(DC33 ),9,LIM,Limpopo,"7,461,571,072","5,242,820,692","0,6609719105",,sampi_progress_group1
964,municipality,Maruleng,Maruleng(LIM335 ),LIM335,Local Municipality,933,DC33,Mopani,Mopani(DC33 ),9,LIM,Limpopo,"3,244,296,184","3,478,752,556","0,2885593232",,sampi_progress_group1
965,municipality,Mutale,Mutale(LIM342 ),LIM342,Local Municipality,934,DC34,Vhembe,Vhembe(DC34 ),9,LIM,Limpopo,"3,886,207,896","3,317,057,074","0,3412016885",,sampi_progress_group3
966,municipality,Thulamela,Thulamela(LIM343 ),LIM343,Local Municipality,934,DC34,Vhembe,Vhembe(DC34 ),9,LIM,Limpopo,"583,370,941","5,043,779,148","0,5135866407",,sampi_progress_group2
967,municipality,Musina,Musina(LIM341 ),LIM341,Local Municipality,934,DC34,Vhembe,Vhembe(DC34 ),9,LIM,Limpopo,"7,576,835,788","4,641,934,946","0,6646386604",,sampi_progress_group1
968,municipality,Makhado,Makhado(LIM344 ),LIM344,Local Municipality,934,DC34,Vhembe,Vhembe(DC34 ),9,LIM,Limpopo,"8,299,697,226","5,608,402,675","0,7311062659",,sampi_progress_group4
969,municipality,Blouberg,Blouberg(LIM351 ),LIM351,Local Municipality,935,DC35,Capricorn,Capricorn(DC35 ),9,LIM,Limpopo,"9,248,132,395","4,729,467,343","0,8142601796",,sampi_progress_group4
970,municipality,Aganang,Aganang(LIM352 ),LIM352,Local Municipality,935,DC35,Capricorn,Capricorn(DC35 ),9,LIM,Limpopo,"1,880,572,582","2,427,177,998","0,1664448935",,sampi_progress_group4
973,municipality,Molemole,Molemole(LIM353 ),LIM353,Local Municipality,935,DC35,Capricorn,Capricorn(DC35 ),9,LIM,Limpopo,"3,347,325,111","3,565,757,315","0,2958997783",,sampi_progress_group4
974,municipality,Polokwane,Polokwane(LIM354 ),LIM354,Local Municipality,935,DC35,Capricorn,Capricorn(DC35 ),9,LIM,Limpopo,"3,765,976,679","3,421,892,961","0,3340324426",,sampi_progress_group1
976,municipality,Lepele-Nkumpi,Lepele-Nkumpi(LIM355 ),LIM355,Local Municipality,935,DC35,Capricorn,Capricorn(DC35 ),9,LIM,Limpopo,"3,463,448,298","4,470,641,954","0,3079470468",,sampi_progress_group4
977,municipality,Thabazimbi,Thabazimbi(LIM361 ),LIM361,Local Municipality,936,DC36,Waterberg,Waterberg(DC36 ),9,LIM,Limpopo,"1,119,014,967","686,579,713","0,997102979",,sampi_progress_group4
978,municipality,Lephalale,Lephalale(LIM362 ),LIM362,Local Municipality,936,DC36,Waterberg,Waterberg(DC36 ),9,LIM,Limpopo,"1,378,418,293","8,027,343,251","1,220,143,371",,sampi_progress_group4
979,municipality,Mookgopong,Mookgopong(LIM364 ),LIM364,Local Municipality,936,DC36,Waterberg,Waterberg(DC36 ),9,LIM,Limpopo,"5,688,849,686","4,420,230,775","0,5069331318",,sampi_progress_group3
980,municipality,Modimolle,Modimolle(LIM365 ),LIM365,Local Municipality,936,DC36,Waterberg,Waterberg(DC36 ),9,LIM,Limpopo,"4,677,956,176","4,453,491,026","0,4165138557",,sampi_progress_group4
981,municipality,Bela-Bela,Bela-Bela(LIM366 ),LIM366,Local Municipality,936,DC36,Waterberg,Waterberg(DC36 ),9,LIM,Limpopo,"3,406,192,554","4,277,722,743","0,3044895859",,sampi_progress_group1
982,municipality,Mogalakwena,Mogalakwena(LIM367 ),LIM367,Local Municipality,936,DC36,Waterberg,Waterberg(DC36 ),9,LIM,Limpopo,"6,166,052,441","4,945,440,782","0,546497886",,sampi_progress_group4
983,municipality,Ephraim Mogale,Ephraim Mogale(LIM471 ),LIM471,Local Municipality,947,DC47,Greater Sekhukhune,Greater Sekhukhune(DC47 ),9,LIM,Limpopo,"2,011,303,632","308,051,262","0,1797215631",,sampi_progress_group4
984,municipality,Elias Motsoaledi,Elias Motsoaledi(LIM472 ),LIM472,Local Municipality,947,DC47,Greater Sekhukhune,Greater Sekhukhune(DC47 ),9,LIM,Limpopo,"3,713,329,405","3,399,717,178","0,3325861856",,sampi_progress_group4
985,municipality,Makhuduthamaga,Makhuduthamaga(LIM473 ),LIM473,Local Municipality,947,DC47,Greater Sekhukhune,Greater Sekhukhune(DC47 ),9,LIM,Limpopo,"2,096,600,595","2,702,825,965","0,1870776127",,sampi_progress_group4
986,municipality,Fetakgomo,Fetakgomo(LIM474 ),LIM474,Local Municipality,947,DC47,Greater Sekhukhune,Greater Sekhukhune(DC47 ),9,LIM,Limpopo,"1,104,530,615","1,621,091,478","0,09831351023",,sampi_progress_group4
987,municipality,Greater Tubatse,Greater Tubatse(LIM475 ),LIM475,Local Municipality,947,DC47,Greater Sekhukhune,Greater Sekhukhune(DC47 ),9,LIM,Limpopo,"4,601,965,481","4,128,316,351","0,4103883336",,sampi_progress_group4
